canonical_material_id,material_name,material_aliases,NIST_isotherm_id,DOI,measurement_type,temperature_K,pressure_bar,pressure_units,relative_humidity_percent,uptake,uptake_units,uptake_kg_per_kg,adsorption_or_desorption_branch,activation_conditions,source_quality_flags
NIST-MATDB-fa9eafbe42016145ad7734b8daead8fa,MIL-160,,10.1002adma.201502418.Isotherm2,10.1002/adma.201502418,experimental,303.0,0.000471,bar,1.11,0.016854,g/g,0.01685,adsorption,,digitized_from_figure;branch_inferred_from_point_order
NIST-MATDB-fa9eafbe42016145ad7734b8daead8fa,MIL-160,,10.1002adma.201502418.Isotherm2,10.1002/adma.201502418,experimental,303.0,0.000784,bar,1.85,0.022472,g/g,0.02247,adsorption,,digitized_from_figure;branch_inferred_from_point_order
NIST-MATDB-fa9eafbe42016145ad7734b8daead8fa,MIL-160,,10.1002adma.201502418.Isotherm2,10.1002/adma.201502418,experimental,303.0,0.001565,bar,3.69,0.031461,g/g,0.03146,adsorption,,digitized_from_figure;branch_inferred_from_point_order
NIST-MATDB-fa9eafbe42016145ad7734b8daead8fa,MIL-160,,10.1002adma.201502418.Isotherm2,10.1002/adma.201502418,experimental,303.0,0.001957,bar,4.61,0.047191,g/g,0.04719,adsorption,,digitized_from_figure;branch_inferred_from_point_order
NIST-MATDB-fa9eafbe42016145ad7734b8daead8fa,MIL-160,,10.1002adma.201502418.Isotherm2,10.1002/adma.201502418,experimental,303.0,0.001958,bar,4.62,0.051685,g/g,0.05169,adsorption,,digitized_from_figure;branch_inferred_from_point_order
NIST-MATDB-fa9eafbe42016145ad7734b8daead8fa,MIL-160,,10.1002adma.201502418.Isotherm2,10.1002/adma.201502418,experimental,303.0,0.002509,bar,5.91,0.079775,g/g,0.07977,adsorption,,digitized_from_figure;branch_inferred_from_point_order
NIST-MATDB-fa9eafbe42016145ad7734b8daead8fa,MIL-160,,10.1002adma.201502418.Isotherm2,10.1002/adma.201502418,experimental,303.0,0.002831,bar,6.67,0.132584,g/g,0.13258,adsorption,,digitized_from_figure;branch_inferred_from_point_order
NIST-MATDB-fa9eafbe42016145ad7734b8daead8fa,MIL-160,,10.1002adma.201502418.Isotherm2,10.1002/adma.201502418,experimental,303.0,0.002908,bar,6.85,0.129213,g/g,0.12921,adsorption,,digitized_from_figure;branch_inferred_from_point_order
NIST-MATDB-fa9eafbe42016145ad7734b8daead8fa,MIL-160,,10.1002adma.201502418.Isotherm2,10.1002/adma.201502418,experimental,303.0,0.003385,bar,7.98,0.174157,g/g,0.17416,adsorption,,digitized_from_figure;branch_inferred_from_point_order
NIST-MATDB-fa9eafbe42016145ad7734b8daead8fa,MIL-160,,10.1002adma.201502418.Isotherm2,10.1002/adma.201502418,experimental,303.0,0.00386,bar,9.1,0.213483,g/g,0.21348,adsorption,,digitized_from_figure;branch_inferred_from_point_order
NIST-MATDB-fa9eafbe42016145ad7734b8daead8fa,MIL-160,,10.1002adma.201502418.Isotherm2,10.1002/adma.201502418,experimental,303.0,0.003939,bar,9.28,0.220225,g/g,0.22023,adsorption,,digitized_from_figure;branch_inferred_from_point_order
NIST-MATDB-fa9eafbe42016145ad7734b8daead8fa,MIL-160,,10.1002adma.201502418.Isotherm2,10.1002/adma.201502418,experimental,303.0,0.004568,bar,10.77,0.248315,g/g,0.24832,adsorption,,digitized_from_figure;branch_inferred_from_point_order
NIST-MATDB-fa9eafbe42016145ad7734b8daead8fa,MIL-160,,10.1002adma.201502418.Isotherm2,10.1002/adma.201502418,experimental,303.0,0.004804,bar,11.32,0.262921,g/g,0.26292,adsorption,,digitized_from_figure;branch_inferred_from_point_order
NIST-MATDB-fa9eafbe42016145ad7734b8daead8fa,MIL-160,,10.1002adma.201502418.Isotherm2,10.1002/adma.201502418,experimental,303.0,0.005826,bar,13.73,0.307865,g/g,0.30786,adsorption,,digitized_from_figure;branch_inferred_from_point_order
NIST-MATDB-fa9eafbe42016145ad7734b8daead8fa,MIL-160,,10.1002adma.201502418.Isotherm2,10.1002/adma.201502418,experimental,303.0,0.005978,bar,14.09,0.288764,g/g,0.28876,adsorption,,digitized_from_figure;branch_inferred_from_point_order
NIST-MATDB-fa9eafbe42016145ad7734b8daead8fa,MIL-160,,10.1002adma.201502418.Isotherm2,10.1002/adma.201502418,experimental,303.0,0.00645,bar,15.2,0.307865,g/g,0.30786,adsorption,,digitized_from_figure;branch_inferred_from_point_order
NIST-MATDB-fa9eafbe42016145ad7734b8daead8fa,MIL-160,,10.1002adma.201502418.Isotherm2,10.1002/adma.201502418,experimental,303.0,0.00692,bar,16.31,0.323596,g/g,0.3236,adsorption,,digitized_from_figure;branch_inferred_from_point_order
NIST-MATDB-fa9eafbe42016145ad7734b8daead8fa,MIL-160,,10.1002adma.201502418.Isotherm2,10.1002/adma.201502418,experimental,303.0,0.006922,bar,16.32,0.331461,g/g,0.33146,adsorption,,digitized_from_figure;branch_inferred_from_point_order
NIST-MATDB-fa9eafbe42016145ad7734b8daead8fa,MIL-160,,10.1002adma.201502418.Isotherm2,10.1002/adma.201502418,experimental,303.0,0.007467,bar,17.6,0.331461,g/g,0.33146,adsorption,,digitized_from_figure;branch_inferred_from_point_order
NIST-MATDB-fa9eafbe42016145ad7734b8daead8fa,MIL-160,,10.1002adma.201502418.Isotherm2,10.1002/adma.201502418,experimental,303.0,0.007936,bar,18.71,0.335955,g/g,0.33596,adsorption,,digitized_from_figure;branch_inferred_from_point_order
NIST-MATDB-fa9eafbe42016145ad7734b8daead8fa,MIL-160,,10.1002adma.201502418.Isotherm2,10.1002/adma.201502418,experimental,303.0,0.007936,bar,18.71,0.340449,g/g,0.34045,adsorption,,digitized_from_figure;branch_inferred_from_point_order
NIST-MATDB-fa9eafbe42016145ad7734b8daead8fa,MIL-160,,10.1002adma.201502418.Isotherm2,10.1002/adma.201502418,experimental,303.0,0.008872,bar,20.91,0.340449,g/g,0.34045,adsorption,,digitized_from_figure;branch_inferred_from_point_order
NIST-MATDB-fa9eafbe42016145ad7734b8daead8fa,MIL-160,,10.1002adma.201502418.Isotherm2,10.1002/adma.201502418,experimental,303.0,0.008872,bar,20.91,0.34382,g/g,0.34382,adsorption,,digitized_from_figure;branch_inferred_from_point_order
NIST-MATDB-fa9eafbe42016145ad7734b8daead8fa,MIL-160,,10.1002adma.201502418.Isotherm2,10.1002/adma.201502418,experimental,303.0,0.009807,bar,23.12,0.34382,g/g,0.34382,adsorption,,digitized_from_figure;branch_inferred_from_point_order
NIST-MATDB-fa9eafbe42016145ad7734b8daead8fa,MIL-160,,10.1002adma.201502418.Isotherm2,10.1002/adma.201502418,experimental,303.0,0.010977,bar,25.87,0.350562,g/g,0.35056,adsorption,,digitized_from_figure;branch_inferred_from_point_order
NIST-MATDB-fa9eafbe42016145ad7734b8daead8fa,MIL-160,,10.1002adma.201502418.Isotherm2,10.1002/adma.201502418,experimental,303.0,0.011912,bar,28.08,0.348315,g/g,0.34831,adsorption,,digitized_from_figure;branch_inferred_from_point_order
NIST-MATDB-fa9eafbe42016145ad7734b8daead8fa,MIL-160,,10.1002adma.201502418.Isotherm2,10.1002/adma.201502418,experimental,303.0,0.013783,bar,32.49,0.352809,g/g,0.35281,adsorption,,digitized_from_figure;branch_inferred_from_point_order
NIST-MATDB-fa9eafbe42016145ad7734b8daead8fa,MIL-160,,10.1002adma.201502418.Isotherm2,10.1002/adma.201502418,experimental,303.0,0.013861,bar,32.67,0.353933,g/g,0.35393,adsorption,,digitized_from_figure;branch_inferred_from_point_order
NIST-MATDB-fa9eafbe42016145ad7734b8daead8fa,MIL-160,,10.1002adma.201502418.Isotherm2,10.1002/adma.201502418,experimental,303.0,0.015887,bar,37.45,0.355056,g/g,0.35506,adsorption,,digitized_from_figure;branch_inferred_from_point_order
NIST-MATDB-fa9eafbe42016145ad7734b8daead8fa,MIL-160,,10.1002adma.201502418.Isotherm2,10.1002/adma.201502418,experimental,303.0,0.016745,bar,39.47,0.359551,g/g,0.35955,adsorption,,digitized_from_figure;branch_inferred_from_point_order
NIST-MATDB-fa9eafbe42016145ad7734b8daead8fa,MIL-160,,10.1002adma.201502418.Isotherm2,10.1002/adma.201502418,experimental,303.0,0.017758,bar,41.86,0.359551,g/g,0.35955,adsorption,,digitized_from_figure;branch_inferred_from_point_order
NIST-MATDB-fa9eafbe42016145ad7734b8daead8fa,MIL-160,,10.1002adma.201502418.Isotherm2,10.1002/adma.201502418,experimental,303.0,0.019785,bar,46.63,0.361798,g/g,0.3618,adsorption,,digitized_from_figure;branch_inferred_from_point_order
NIST-MATDB-fa9eafbe42016145ad7734b8daead8fa,MIL-160,,10.1002adma.201502418.Isotherm2,10.1002/adma.201502418,experimental,303.0,0.021811,bar,51.41,0.361798,g/g,0.3618,adsorption,,digitized_from_figure;branch_inferred_from_point_order
NIST-MATDB-fa9eafbe42016145ad7734b8daead8fa,MIL-160,,10.1002adma.201502418.Isotherm2,10.1002/adma.201502418,experimental,303.0,0.022825,bar,53.8,0.366292,g/g,0.36629,adsorption,,digitized_from_figure;branch_inferred_from_point_order
NIST-MATDB-fa9eafbe42016145ad7734b8daead8fa,MIL-160,,10.1002adma.201502418.Isotherm2,10.1002/adma.201502418,experimental,303.0,0.023759,bar,56.0,0.364045,g/g,0.36405,adsorption,,digitized_from_figure;branch_inferred_from_point_order
NIST-MATDB-fa9eafbe42016145ad7734b8daead8fa,MIL-160,,10.1002adma.201502418.Isotherm2,10.1002/adma.201502418,experimental,303.0,0.025786,bar,60.78,0.366292,g/g,0.36629,adsorption,,digitized_from_figure;branch_inferred_from_point_order
NIST-MATDB-fa9eafbe42016145ad7734b8daead8fa,MIL-160,,10.1002adma.201502418.Isotherm2,10.1002/adma.201502418,experimental,303.0,0.025864,bar,60.96,0.367416,g/g,0.36742,adsorption,,digitized_from_figure;branch_inferred_from_point_order
NIST-MATDB-fa9eafbe42016145ad7734b8daead8fa,MIL-160,,10.1002adma.201502418.Isotherm2,10.1002/adma.201502418,experimental,303.0,0.027812,bar,65.55,0.366292,g/g,0.36629,adsorption,,digitized_from_figure;branch_inferred_from_point_order
NIST-MATDB-fa9eafbe42016145ad7734b8daead8fa,MIL-160,,10.1002adma.201502418.Isotherm2,10.1002/adma.201502418,experimental,303.0,0.028747,bar,67.76,0.369663,g/g,0.36966,adsorption,,digitized_from_figure;branch_inferred_from_point_order
NIST-MATDB-fa9eafbe42016145ad7734b8daead8fa,MIL-160,,10.1002adma.201502418.Isotherm2,10.1002/adma.201502418,experimental,303.0,0.029838,bar,70.33,0.368539,g/g,0.36854,adsorption,,digitized_from_figure;branch_inferred_from_point_order
NIST-MATDB-fa9eafbe42016145ad7734b8daead8fa,MIL-160,,10.1002adma.201502418.Isotherm2,10.1002/adma.201502418,experimental,303.0,0.031787,bar,74.92,0.37191,g/g,0.37191,adsorption,,digitized_from_figure;branch_inferred_from_point_order
NIST-MATDB-fa9eafbe42016145ad7734b8daead8fa,MIL-160,,10.1002adma.201502418.Isotherm2,10.1002/adma.201502418,experimental,303.0,0.032644,bar,76.94,0.37191,g/g,0.37191,adsorption,,digitized_from_figure;branch_inferred_from_point_order
NIST-MATDB-fa9eafbe42016145ad7734b8daead8fa,MIL-160,,10.1002adma.201502418.Isotherm2,10.1002/adma.201502418,experimental,303.0,0.034748,bar,81.9,0.375281,g/g,0.37528,adsorption,,digitized_from_figure;branch_inferred_from_point_order
NIST-MATDB-fa9eafbe42016145ad7734b8daead8fa,MIL-160,,10.1002adma.201502418.Isotherm2,10.1002/adma.201502418,experimental,303.0,0.035683,bar,84.11,0.373034,g/g,0.37303,adsorption,,digitized_from_figure;branch_inferred_from_point_order
NIST-MATDB-fa9eafbe42016145ad7734b8daead8fa,MIL-160,,10.1002adma.201502418.Isotherm2,10.1002/adma.201502418,experimental,303.0,0.037632,bar,88.7,0.376404,g/g,0.3764,adsorption,,digitized_from_figure;branch_inferred_from_point_order
NIST-MATDB-fa9eafbe42016145ad7734b8daead8fa,MIL-160,,10.1002adma.201502418.Isotherm2,10.1002/adma.201502418,experimental,303.0,0.038567,bar,90.91,0.375281,g/g,0.37528,adsorption,,digitized_from_figure;branch_inferred_from_point_order
NIST-MATDB-fa9eafbe42016145ad7734b8daead8fa,MIL-160,,10.1002adma.201502418.Isotherm2,10.1002/adma.201502418,experimental,303.0,0.04075,bar,96.05,0.380899,g/g,0.3809,adsorption,,digitized_from_figure;branch_inferred_from_point_order
NIST-MATDB-fa9eafbe42016145ad7734b8daead8fa,MIL-160,,10.1002adma.201502418.Isotherm6,10.1002/adma.201502418,experimental,293.0,0.000728,bar,3.15,0.026881,g/g,0.02688,adsorption,,digitized_from_figure;branch_inferred_from_point_order
NIST-MATDB-fa9eafbe42016145ad7734b8daead8fa,MIL-160,,10.1002adma.201502418.Isotherm6,10.1002/adma.201502418,experimental,293.0,0.000971,bar,4.2,0.041706,g/g,0.04171,adsorption,,digitized_from_figure;branch_inferred_from_point_order
NIST-MATDB-fa9eafbe42016145ad7734b8daead8fa,MIL-160,,10.1002adma.201502418.Isotherm6,10.1002/adma.201502418,experimental,293.0,0.001486,bar,6.43,0.116726,g/g,0.11673,adsorption,,digitized_from_figure;branch_inferred_from_point_order
NIST-MATDB-fa9eafbe42016145ad7734b8daead8fa,MIL-160,,10.1002adma.201502418.Isotherm6,10.1002/adma.201502418,experimental,293.0,0.001895,bar,8.21,0.220447,g/g,0.22045,adsorption,,digitized_from_figure;branch_inferred_from_point_order
NIST-MATDB-fa9eafbe42016145ad7734b8daead8fa,MIL-160,,10.1002adma.201502418.Isotherm6,10.1002/adma.201502418,experimental,293.0,0.001931,bar,8.36,0.203781,g/g,0.20378,adsorption,,digitized_from_figure;branch_inferred_from_point_order
NIST-MATDB-fa9eafbe42016145ad7734b8daead8fa,MIL-160,,10.1002adma.201502418.Isotherm6,10.1002/adma.201502418,experimental,293.0,0.002067,bar,8.95,0.239898,g/g,0.2399,adsorption,,digitized_from_figure;branch_inferred_from_point_order
NIST-MATDB-fa9eafbe42016145ad7734b8daead8fa,MIL-160,,10.1002adma.201502418.Isotherm6,10.1002/adma.201502418,experimental,293.0,0.002343,bar,10.15,0.271391,g/g,0.27139,adsorption,,digitized_from_figure;branch_inferred_from_point_order
NIST-MATDB-fa9eafbe42016145ad7734b8daead8fa,MIL-160,,10.1002adma.201502418.Isotherm6,10.1002/adma.201502418,experimental,293.0,0.002722,bar,11.79,0.310295,g/g,0.31029,adsorption,,digitized_from_figure;branch_inferred_from_point_order
NIST-MATDB-fa9eafbe42016145ad7734b8daead8fa,MIL-160,,10.1002adma.201502418.Isotherm6,10.1002/adma.201502418,experimental,293.0,0.002963,bar,12.83,0.335304,g/g,0.3353,adsorption,,digitized_from_figure;branch_inferred_from_point_order
NIST-MATDB-fa9eafbe42016145ad7734b8daead8fa,MIL-160,,10.1002adma.201502418.Isotherm6,10.1002/adma.201502418,experimental,293.0,0.003172,bar,13.74,0.339017,g/g,0.33902,adsorption,,digitized_from_figure;branch_inferred_from_point_order
NIST-MATDB-fa9eafbe42016145ad7734b8daead8fa,MIL-160,,10.1002adma.201502418.Isotherm6,10.1002/adma.201502418,experimental,293.0,0.00338,bar,14.64,0.348284,g/g,0.34828,adsorption,,digitized_from_figure;branch_inferred_from_point_order
NIST-MATDB-fa9eafbe42016145ad7734b8daead8fa,MIL-160,,10.1002adma.201502418.Isotherm6,10.1002/adma.201502418,experimental,293.0,0.003797,bar,16.44,0.347375,g/g,0.34737,adsorption,,digitized_from_figure;branch_inferred_from_point_order
NIST-MATDB-fa9eafbe42016145ad7734b8daead8fa,MIL-160,,10.1002adma.201502418.Isotherm6,10.1002/adma.201502418,experimental,293.0,0.004076,bar,17.65,0.348312,g/g,0.34831,adsorption,,digitized_from_figure;branch_inferred_from_point_order
NIST-MATDB-fa9eafbe42016145ad7734b8daead8fa,MIL-160,,10.1002adma.201502418.Isotherm6,10.1002/adma.201502418,experimental,293.0,0.004353,bar,18.85,0.353879,g/g,0.35388,adsorption,,digitized_from_figure;branch_inferred_from_point_order
NIST-MATDB-fa9eafbe42016145ad7734b8daead8fa,MIL-160,,10.1002adma.201502418.Isotherm6,10.1002/adma.201502418,experimental,293.0,0.00491,bar,21.26,0.353901,g/g,0.3539,adsorption,,digitized_from_figure;branch_inferred_from_point_order
NIST-MATDB-fa9eafbe42016145ad7734b8daead8fa,MIL-160,,10.1002adma.201502418.Isotherm6,10.1002/adma.201502418,experimental,293.0,0.005919,bar,25.63,0.358572,g/g,0.35857,adsorption,,digitized_from_figure;branch_inferred_from_point_order
NIST-MATDB-fa9eafbe42016145ad7734b8daead8fa,MIL-160,,10.1002adma.201502418.Isotherm6,10.1002/adma.201502418,experimental,293.0,0.006266,bar,27.13,0.365067,g/g,0.36507,adsorption,,digitized_from_figure;branch_inferred_from_point_order
NIST-MATDB-fa9eafbe42016145ad7734b8daead8fa,MIL-160,,10.1002adma.201502418.Isotherm6,10.1002/adma.201502418,experimental,293.0,0.006754,bar,29.25,0.360457,g/g,0.36046,adsorption,,digitized_from_figure;branch_inferred_from_point_order
NIST-MATDB-fa9eafbe42016145ad7734b8daead8fa,MIL-160,,10.1002adma.201502418.Isotherm6,10.1002/adma.201502418,experimental,293.0,0.007762,bar,33.61,0.369757,g/g,0.36976,adsorption,,digitized_from_figure;branch_inferred_from_point_order
NIST-MATDB-fa9eafbe42016145ad7734b8daead8fa,MIL-160,,10.1002adma.201502418.Isotherm6,10.1002/adma.201502418,experimental,293.0,0.008806,bar,38.13,0.367947,g/g,0.36795,adsorption,,digitized_from_figure;branch_inferred_from_point_order
NIST-MATDB-fa9eafbe42016145ad7734b8daead8fa,MIL-160,,10.1002adma.201502418.Isotherm6,10.1002/adma.201502418,experimental,293.0,0.00971,bar,42.05,0.374465,g/g,0.37446,adsorption,,digitized_from_figure;branch_inferred_from_point_order
NIST-MATDB-fa9eafbe42016145ad7734b8daead8fa,MIL-160,,10.1002adma.201502418.Isotherm6,10.1002/adma.201502418,experimental,293.0,0.010719,bar,46.42,0.372654,g/g,0.37265,adsorption,,digitized_from_figure;branch_inferred_from_point_order
NIST-MATDB-fa9eafbe42016145ad7734b8daead8fa,MIL-160,,10.1002adma.201502418.Isotherm6,10.1002/adma.201502418,experimental,293.0,0.011728,bar,50.79,0.37825,g/g,0.37825,adsorption,,digitized_from_figure;branch_inferred_from_point_order
NIST-MATDB-fa9eafbe42016145ad7734b8daead8fa,MIL-160,,10.1002adma.201502418.Isotherm6,10.1002/adma.201502418,experimental,293.0,0.012737,bar,55.16,0.375513,g/g,0.37551,adsorption,,digitized_from_figure;branch_inferred_from_point_order
NIST-MATDB-fa9eafbe42016145ad7734b8daead8fa,MIL-160,,10.1002adma.201502418.Isotherm6,10.1002/adma.201502418,experimental,293.0,0.013746,bar,59.53,0.382035,g/g,0.38204,adsorption,,digitized_from_figure;branch_inferred_from_point_order
NIST-MATDB-fa9eafbe42016145ad7734b8daead8fa,MIL-160,,10.1002adma.201502418.Isotherm6,10.1002/adma.201502418,experimental,293.0,0.014721,bar,63.75,0.377444,g/g,0.37744,adsorption,,digitized_from_figure;branch_inferred_from_point_order
NIST-MATDB-fa9eafbe42016145ad7734b8daead8fa,MIL-160,,10.1002adma.201502418.Isotherm6,10.1002/adma.201502418,experimental,293.0,0.015729,bar,68.11,0.383967,g/g,0.38397,adsorption,,digitized_from_figure;branch_inferred_from_point_order
NIST-MATDB-fa9eafbe42016145ad7734b8daead8fa,MIL-160,,10.1002adma.201502418.Isotherm6,10.1002/adma.201502418,experimental,293.0,0.016669,bar,72.18,0.381227,g/g,0.38123,adsorption,,digitized_from_figure;branch_inferred_from_point_order
NIST-MATDB-fa9eafbe42016145ad7734b8daead8fa,MIL-160,,10.1002adma.201502418.Isotherm6,10.1002/adma.201502418,experimental,293.0,0.017573,bar,76.1,0.386819,g/g,0.38682,adsorption,,digitized_from_figure;branch_inferred_from_point_order
NIST-MATDB-fa9eafbe42016145ad7734b8daead8fa,MIL-160,,10.1002adma.201502418.Isotherm6,10.1002/adma.201502418,experimental,293.0,0.018617,bar,80.62,0.382231,g/g,0.38223,adsorption,,digitized_from_figure;branch_inferred_from_point_order
NIST-MATDB-fa9eafbe42016145ad7734b8daead8fa,MIL-160,,10.1002adma.201502418.Isotherm6,10.1002/adma.201502418,experimental,293.0,0.019591,bar,84.84,0.390603,g/g,0.3906,adsorption,,digitized_from_figure;branch_inferred_from_point_order
NIST-MATDB-fa9eafbe42016145ad7734b8daead8fa,MIL-160,,10.1002adma.201502418.Isotherm6,10.1002/adma.201502418,experimental,293.0,0.020496,bar,88.75,0.389714,g/g,0.38971,adsorption,,digitized_from_figure;branch_inferred_from_point_order
NIST-MATDB-fa9eafbe42016145ad7734b8daead8fa,MIL-160,,10.1002adma.201502418.Isotherm6,10.1002/adma.201502418,experimental,293.0,0.021992,bar,95.23,0.392552,g/g,0.39255,adsorption,,digitized_from_figure;branch_inferred_from_point_order
NIST-MATDB-fa9eafbe42016145ad7734b8daead8fa,MIL-160,,10.1002adma.201502418.Isotherm7,10.1002/adma.201502418,experimental,303.0,0.001346,bar,3.17,0.026881,g/g,0.02688,adsorption,,digitized_from_figure;branch_inferred_from_point_order
NIST-MATDB-fa9eafbe42016145ad7734b8daead8fa,MIL-160,,10.1002adma.201502418.Isotherm7,10.1002/adma.201502418,experimental,303.0,0.001474,bar,3.47,0.030588,g/g,0.03059,adsorption,,digitized_from_figure;branch_inferred_from_point_order
NIST-MATDB-fa9eafbe42016145ad7734b8daead8fa,MIL-160,,10.1002adma.201502418.Isotherm7,10.1002/adma.201502418,experimental,303.0,0.001794,bar,4.23,0.041706,g/g,0.04171,adsorption,,digitized_from_figure;branch_inferred_from_point_order
NIST-MATDB-fa9eafbe42016145ad7734b8daead8fa,MIL-160,,10.1002adma.201502418.Isotherm7,10.1002/adma.201502418,experimental,303.0,0.002178,bar,5.13,0.050048,g/g,0.05005,adsorption,,digitized_from_figure;branch_inferred_from_point_order
NIST-MATDB-fa9eafbe42016145ad7734b8daead8fa,MIL-160,,10.1002adma.201502418.Isotherm7,10.1002/adma.201502418,experimental,303.0,0.002623,bar,6.18,0.079687,g/g,0.07969,adsorption,,digitized_from_figure;branch_inferred_from_point_order
NIST-MATDB-fa9eafbe42016145ad7734b8daead8fa,MIL-160,,10.1002adma.201502418.Isotherm7,10.1002/adma.201502418,experimental,303.0,0.002936,bar,6.92,0.132471,g/g,0.13247,adsorption,,digitized_from_figure;branch_inferred_from_point_order
NIST-MATDB-fa9eafbe42016145ad7734b8daead8fa,MIL-160,,10.1002adma.201502418.Isotherm7,10.1002/adma.201502418,experimental,303.0,0.003065,bar,7.22,0.131548,g/g,0.13155,adsorption,,digitized_from_figure;branch_inferred_from_point_order
NIST-MATDB-fa9eafbe42016145ad7734b8daead8fa,MIL-160,,10.1002adma.201502418.Isotherm7,10.1002/adma.201502418,experimental,303.0,0.003379,bar,7.96,0.176925,g/g,0.17692,adsorption,,digitized_from_figure;branch_inferred_from_point_order
NIST-MATDB-fa9eafbe42016145ad7734b8daead8fa,MIL-160,,10.1002adma.201502418.Isotherm7,10.1002/adma.201502418,experimental,303.0,0.003823,bar,9.01,0.214898,g/g,0.2149,adsorption,,digitized_from_figure;branch_inferred_from_point_order
NIST-MATDB-fa9eafbe42016145ad7734b8daead8fa,MIL-160,,10.1002adma.201502418.Isotherm7,10.1002/adma.201502418,experimental,303.0,0.003951,bar,9.31,0.220456,g/g,0.22046,adsorption,,digitized_from_figure;branch_inferred_from_point_order
NIST-MATDB-fa9eafbe42016145ad7734b8daead8fa,MIL-160,,10.1002adma.201502418.Isotherm7,10.1002/adma.201502418,experimental,303.0,0.004397,bar,10.36,0.245466,g/g,0.24547,adsorption,,digitized_from_figure;branch_inferred_from_point_order
NIST-MATDB-fa9eafbe42016145ad7734b8daead8fa,MIL-160,,10.1002adma.201502418.Isotherm7,10.1002/adma.201502418,experimental,303.0,0.004779,bar,11.26,0.266771,g/g,0.26677,adsorption,,digitized_from_figure;branch_inferred_from_point_order
NIST-MATDB-fa9eafbe42016145ad7734b8daead8fa,MIL-160,,10.1002adma.201502418.Isotherm7,10.1002/adma.201502418,experimental,303.0,0.005485,bar,12.93,0.279749,g/g,0.27975,adsorption,,digitized_from_figure;branch_inferred_from_point_order
NIST-MATDB-fa9eafbe42016145ad7734b8daead8fa,MIL-160,,10.1002adma.201502418.Isotherm7,10.1002/adma.201502418,experimental,303.0,0.005737,bar,13.52,0.308458,g/g,0.30846,adsorption,,digitized_from_figure;branch_inferred_from_point_order
NIST-MATDB-fa9eafbe42016145ad7734b8daead8fa,MIL-160,,10.1002adma.201502418.Isotherm7,10.1002/adma.201502418,experimental,303.0,0.006509,bar,15.34,0.308475,g/g,0.30847,adsorption,,digitized_from_figure;branch_inferred_from_point_order
NIST-MATDB-fa9eafbe42016145ad7734b8daead8fa,MIL-160,,10.1002adma.201502418.Isotherm7,10.1002/adma.201502418,experimental,303.0,0.006956,bar,16.4,0.322374,g/g,0.32237,adsorption,,digitized_from_figure;branch_inferred_from_point_order
NIST-MATDB-fa9eafbe42016145ad7734b8daead8fa,MIL-160,,10.1002adma.201502418.Isotherm7,10.1002/adma.201502418,experimental,303.0,0.007019,bar,16.54,0.334412,g/g,0.33441,adsorption,,digitized_from_figure;branch_inferred_from_point_order
NIST-MATDB-fa9eafbe42016145ad7734b8daead8fa,MIL-160,,10.1002adma.201502418.Isotherm7,10.1002/adma.201502418,experimental,303.0,0.007662,bar,18.06,0.331648,g/g,0.33165,adsorption,,digitized_from_figure;branch_inferred_from_point_order
NIST-MATDB-fa9eafbe42016145ad7734b8daead8fa,MIL-160,,10.1002adma.201502418.Isotherm7,10.1002/adma.201502418,experimental,303.0,0.007918,bar,18.66,0.340913,g/g,0.34091,adsorption,,digitized_from_figure;branch_inferred_from_point_order
NIST-MATDB-fa9eafbe42016145ad7734b8daead8fa,MIL-160,,10.1002adma.201502418.Isotherm7,10.1002/adma.201502418,experimental,303.0,0.008882,bar,20.94,0.342786,g/g,0.34279,adsorption,,digitized_from_figure;branch_inferred_from_point_order
NIST-MATDB-fa9eafbe42016145ad7734b8daead8fa,MIL-160,,10.1002adma.201502418.Isotherm7,10.1002/adma.201502418,experimental,303.0,0.00991,bar,23.36,0.347438,g/g,0.34744,adsorption,,digitized_from_figure;branch_inferred_from_point_order
NIST-MATDB-fa9eafbe42016145ad7734b8daead8fa,MIL-160,,10.1002adma.201502418.Isotherm7,10.1002/adma.201502418,experimental,303.0,0.010874,bar,25.63,0.351163,g/g,0.35116,adsorption,,digitized_from_figure;branch_inferred_from_point_order
NIST-MATDB-fa9eafbe42016145ad7734b8daead8fa,MIL-160,,10.1002adma.201502418.Isotherm7,10.1002/adma.201502418,experimental,303.0,0.012095,bar,28.51,0.352115,g/g,0.35212,adsorption,,digitized_from_figure;branch_inferred_from_point_order
NIST-MATDB-fa9eafbe42016145ad7734b8daead8fa,MIL-160,,10.1002adma.201502418.Isotherm7,10.1002/adma.201502418,experimental,303.0,0.014024,bar,33.06,0.353083,g/g,0.35308,adsorption,,digitized_from_figure;branch_inferred_from_point_order
NIST-MATDB-fa9eafbe42016145ad7734b8daead8fa,MIL-160,,10.1002adma.201502418.Isotherm7,10.1002/adma.201502418,experimental,303.0,0.014024,bar,33.06,0.355861,g/g,0.35586,adsorption,,digitized_from_figure;branch_inferred_from_point_order
NIST-MATDB-fa9eafbe42016145ad7734b8daead8fa,MIL-160,,10.1002adma.201502418.Isotherm7,10.1002/adma.201502418,experimental,303.0,0.016017,bar,37.75,0.357756,g/g,0.35776,adsorption,,digitized_from_figure;branch_inferred_from_point_order
NIST-MATDB-fa9eafbe42016145ad7734b8daead8fa,MIL-160,,10.1002adma.201502418.Isotherm7,10.1002/adma.201502418,experimental,303.0,0.016981,bar,40.03,0.358703,g/g,0.3587,adsorption,,digitized_from_figure;branch_inferred_from_point_order
NIST-MATDB-fa9eafbe42016145ad7734b8daead8fa,MIL-160,,10.1002adma.201502418.Isotherm7,10.1002/adma.201502418,experimental,303.0,0.017881,bar,42.15,0.358723,g/g,0.35872,adsorption,,digitized_from_figure;branch_inferred_from_point_order
NIST-MATDB-fa9eafbe42016145ad7734b8daead8fa,MIL-160,,10.1002adma.201502418.Isotherm7,10.1002/adma.201502418,experimental,303.0,0.020003,bar,47.15,0.359695,g/g,0.35969,adsorption,,digitized_from_figure;branch_inferred_from_point_order
NIST-MATDB-fa9eafbe42016145ad7734b8daead8fa,MIL-160,,10.1002adma.201502418.Isotherm7,10.1002/adma.201502418,experimental,303.0,0.020067,bar,47.3,0.362474,g/g,0.36247,adsorption,,digitized_from_figure;branch_inferred_from_point_order
NIST-MATDB-fa9eafbe42016145ad7734b8daead8fa,MIL-160,,10.1002adma.201502418.Isotherm7,10.1002/adma.201502418,experimental,303.0,0.021867,bar,51.54,0.363439,g/g,0.36344,adsorption,,digitized_from_figure;branch_inferred_from_point_order
NIST-MATDB-fa9eafbe42016145ad7734b8daead8fa,MIL-160,,10.1002adma.201502418.Isotherm7,10.1002/adma.201502418,experimental,303.0,0.022959,bar,54.12,0.366241,g/g,0.36624,adsorption,,digitized_from_figure;branch_inferred_from_point_order
NIST-MATDB-fa9eafbe42016145ad7734b8daead8fa,MIL-160,,10.1002adma.201502418.Isotherm7,10.1002/adma.201502418,experimental,303.0,0.023924,bar,56.39,0.365336,g/g,0.36534,adsorption,,digitized_from_figure;branch_inferred_from_point_order
NIST-MATDB-fa9eafbe42016145ad7734b8daead8fa,MIL-160,,10.1002adma.201502418.Isotherm7,10.1002/adma.201502418,experimental,303.0,0.025853,bar,60.94,0.365378,g/g,0.36538,adsorption,,digitized_from_figure;branch_inferred_from_point_order
NIST-MATDB-fa9eafbe42016145ad7734b8daead8fa,MIL-160,,10.1002adma.201502418.Isotherm7,10.1002/adma.201502418,experimental,303.0,0.026045,bar,61.39,0.369086,g/g,0.36909,adsorption,,digitized_from_figure;branch_inferred_from_point_order
NIST-MATDB-fa9eafbe42016145ad7734b8daead8fa,MIL-160,,10.1002adma.201502418.Isotherm7,10.1002/adma.201502418,experimental,303.0,0.028103,bar,66.24,0.369131,g/g,0.36913,adsorption,,digitized_from_figure;branch_inferred_from_point_order
NIST-MATDB-fa9eafbe42016145ad7734b8daead8fa,MIL-160,,10.1002adma.201502418.Isotherm7,10.1002/adma.201502418,experimental,303.0,0.029003,bar,68.36,0.370076,g/g,0.37008,adsorption,,digitized_from_figure;branch_inferred_from_point_order
NIST-MATDB-fa9eafbe42016145ad7734b8daead8fa,MIL-160,,10.1002adma.201502418.Isotherm7,10.1002/adma.201502418,experimental,303.0,0.029967,bar,70.63,0.370097,g/g,0.3701,adsorption,,digitized_from_figure;branch_inferred_from_point_order
NIST-MATDB-fa9eafbe42016145ad7734b8daead8fa,MIL-160,,10.1002adma.201502418.Isotherm7,10.1002/adma.201502418,experimental,303.0,0.032088,bar,75.63,0.372921,g/g,0.37292,adsorption,,digitized_from_figure;branch_inferred_from_point_order
NIST-MATDB-fa9eafbe42016145ad7734b8daead8fa,MIL-160,,10.1002adma.201502418.Isotherm7,10.1002/adma.201502418,experimental,303.0,0.032924,bar,77.6,0.371088,g/g,0.37109,adsorption,,digitized_from_figure;branch_inferred_from_point_order
NIST-MATDB-fa9eafbe42016145ad7734b8daead8fa,MIL-160,,10.1002adma.201502418.Isotherm7,10.1002/adma.201502418,experimental,303.0,0.03511,bar,82.76,0.374839,g/g,0.37484,adsorption,,digitized_from_figure;branch_inferred_from_point_order
NIST-MATDB-fa9eafbe42016145ad7734b8daead8fa,MIL-160,,10.1002adma.201502418.Isotherm7,10.1002/adma.201502418,experimental,303.0,0.035946,bar,84.73,0.373931,g/g,0.37393,adsorption,,digitized_from_figure;branch_inferred_from_point_order
NIST-MATDB-fa9eafbe42016145ad7734b8daead8fa,MIL-160,,10.1002adma.201502418.Isotherm7,10.1002/adma.201502418,experimental,303.0,0.037938,bar,89.42,0.378604,g/g,0.3786,adsorption,,digitized_from_figure;branch_inferred_from_point_order
NIST-MATDB-fa9eafbe42016145ad7734b8daead8fa,MIL-160,,10.1002adma.201502418.Isotherm7,10.1002/adma.201502418,experimental,303.0,0.038967,bar,91.85,0.376775,g/g,0.37678,adsorption,,digitized_from_figure;branch_inferred_from_point_order
NIST-MATDB-fa9eafbe42016145ad7734b8daead8fa,MIL-160,,10.1002adma.201502418.Isotherm7,10.1002/adma.201502418,experimental,303.0,0.040896,bar,96.39,0.380521,g/g,0.38052,adsorption,,digitized_from_figure;branch_inferred_from_point_order
NIST-MATDB-fa9eafbe42016145ad7734b8daead8fa,MIL-160,,10.1002adma.201502418.Isotherm8,10.1002/adma.201502418,experimental,313.0,0.0,bar,0.0,0.003704,g/g,0.0037,adsorption,,digitized_from_figure;branch_inferred_from_point_order
NIST-MATDB-fa9eafbe42016145ad7734b8daead8fa,MIL-160,,10.1002adma.201502418.Isotherm8,10.1002/adma.201502418,experimental,313.0,0.000382,bar,0.51,0.021305,g/g,0.02131,adsorption,,digitized_from_figure;branch_inferred_from_point_order
NIST-MATDB-fa9eafbe42016145ad7734b8daead8fa,MIL-160,,10.1002adma.201502418.Isotherm8,10.1002/adma.201502418,experimental,313.0,0.000638,bar,0.86,0.029643,g/g,0.02964,adsorption,,digitized_from_figure;branch_inferred_from_point_order
NIST-MATDB-fa9eafbe42016145ad7734b8daead8fa,MIL-160,,10.1002adma.201502418.Isotherm8,10.1002/adma.201502418,experimental,313.0,0.000705,bar,0.95,0.012052,g/g,0.01205,adsorption,,digitized_from_figure;branch_inferred_from_point_order
NIST-MATDB-fa9eafbe42016145ad7734b8daead8fa,MIL-160,,10.1002adma.201502418.Isotherm8,10.1002/adma.201502418,experimental,313.0,0.001154,bar,1.55,0.020396,g/g,0.0204,adsorption,,digitized_from_figure;branch_inferred_from_point_order
NIST-MATDB-fa9eafbe42016145ad7734b8daead8fa,MIL-160,,10.1002adma.201502418.Isotherm8,10.1002/adma.201502418,experimental,313.0,0.001666,bar,2.24,0.03337,g/g,0.03337,adsorption,,digitized_from_figure;branch_inferred_from_point_order
NIST-MATDB-fa9eafbe42016145ad7734b8daead8fa,MIL-160,,10.1002adma.201502418.Isotherm8,10.1002/adma.201502418,experimental,313.0,0.001728,bar,2.33,0.04726,g/g,0.04726,adsorption,,digitized_from_figure;branch_inferred_from_point_order
NIST-MATDB-fa9eafbe42016145ad7734b8daead8fa,MIL-160,,10.1002adma.201502418.Isotherm8,10.1002/adma.201502418,experimental,313.0,0.002306,bar,3.11,0.056532,g/g,0.05653,adsorption,,digitized_from_figure;branch_inferred_from_point_order
NIST-MATDB-fa9eafbe42016145ad7734b8daead8fa,MIL-160,,10.1002adma.201502418.Isotherm8,10.1002/adma.201502418,experimental,313.0,0.002624,bar,3.54,0.076909,g/g,0.07691,adsorption,,digitized_from_figure;branch_inferred_from_point_order
NIST-MATDB-fa9eafbe42016145ad7734b8daead8fa,MIL-160,,10.1002adma.201502418.Isotherm8,10.1002/adma.201502418,experimental,313.0,0.002813,bar,3.79,0.097283,g/g,0.09728,adsorption,,digitized_from_figure;branch_inferred_from_point_order
NIST-MATDB-fa9eafbe42016145ad7734b8daead8fa,MIL-160,,10.1002adma.201502418.Isotherm8,10.1002/adma.201502418,experimental,313.0,0.002875,bar,3.87,0.111174,g/g,0.11117,adsorption,,digitized_from_figure;branch_inferred_from_point_order
NIST-MATDB-fa9eafbe42016145ad7734b8daead8fa,MIL-160,,10.1002adma.201502418.Isotherm8,10.1002/adma.201502418,experimental,313.0,0.003002,bar,4.05,0.123214,g/g,0.12321,adsorption,,digitized_from_figure;branch_inferred_from_point_order
NIST-MATDB-fa9eafbe42016145ad7734b8daead8fa,MIL-160,,10.1002adma.201502418.Isotherm8,10.1002/adma.201502418,experimental,313.0,0.003512,bar,4.73,0.149151,g/g,0.14915,adsorption,,digitized_from_figure;branch_inferred_from_point_order
NIST-MATDB-fa9eafbe42016145ad7734b8daead8fa,MIL-160,,10.1002adma.201502418.Isotherm8,10.1002/adma.201502418,experimental,313.0,0.003701,bar,4.99,0.173229,g/g,0.17323,adsorption,,digitized_from_figure;branch_inferred_from_point_order
NIST-MATDB-fa9eafbe42016145ad7734b8daead8fa,MIL-160,,10.1002adma.201502418.Isotherm8,10.1002/adma.201502418,experimental,313.0,0.004019,bar,5.42,0.194532,g/g,0.19453,adsorption,,digitized_from_figure;branch_inferred_from_point_order
NIST-MATDB-fa9eafbe42016145ad7734b8daead8fa,MIL-160,,10.1002adma.201502418.Isotherm8,10.1002/adma.201502418,experimental,313.0,0.004146,bar,5.59,0.20472,g/g,0.20472,adsorption,,digitized_from_figure;branch_inferred_from_point_order
NIST-MATDB-fa9eafbe42016145ad7734b8daead8fa,MIL-160,,10.1002adma.201502418.Isotherm8,10.1002/adma.201502418,experimental,313.0,0.004337,bar,5.84,0.215835,g/g,0.21583,adsorption,,digitized_from_figure;branch_inferred_from_point_order
NIST-MATDB-fa9eafbe42016145ad7734b8daead8fa,MIL-160,,10.1002adma.201502418.Isotherm8,10.1002/adma.201502418,experimental,313.0,0.004592,bar,6.19,0.22973,g/g,0.22973,adsorption,,digitized_from_figure;branch_inferred_from_point_order
NIST-MATDB-fa9eafbe42016145ad7734b8daead8fa,MIL-160,,10.1002adma.201502418.Isotherm8,10.1002/adma.201502418,experimental,313.0,0.004911,bar,6.62,0.246403,g/g,0.2464,adsorption,,digitized_from_figure;branch_inferred_from_point_order
NIST-MATDB-fa9eafbe42016145ad7734b8daead8fa,MIL-160,,10.1002adma.201502418.Isotherm8,10.1002/adma.201502418,experimental,313.0,0.005038,bar,6.79,0.256591,g/g,0.25659,adsorption,,digitized_from_figure;branch_inferred_from_point_order
NIST-MATDB-fa9eafbe42016145ad7734b8daead8fa,MIL-160,,10.1002adma.201502418.Isotherm8,10.1002/adma.201502418,experimental,313.0,0.005101,bar,6.87,0.26863,g/g,0.26863,adsorption,,digitized_from_figure;branch_inferred_from_point_order
NIST-MATDB-fa9eafbe42016145ad7734b8daead8fa,MIL-160,,10.1002adma.201502418.Isotherm8,10.1002/adma.201502418,experimental,313.0,0.005422,bar,7.31,0.267711,g/g,0.26771,adsorption,,digitized_from_figure;branch_inferred_from_point_order
NIST-MATDB-fa9eafbe42016145ad7734b8daead8fa,MIL-160,,10.1002adma.201502418.Isotherm8,10.1002/adma.201502418,experimental,313.0,0.005742,bar,7.74,0.276977,g/g,0.27698,adsorption,,digitized_from_figure;branch_inferred_from_point_order
NIST-MATDB-fa9eafbe42016145ad7734b8daead8fa,MIL-160,,10.1002adma.201502418.Isotherm8,10.1002/adma.201502418,experimental,313.0,0.006191,bar,8.34,0.283468,g/g,0.28347,adsorption,,digitized_from_figure;branch_inferred_from_point_order
NIST-MATDB-fa9eafbe42016145ad7734b8daead8fa,MIL-160,,10.1002adma.201502418.Isotherm8,10.1002/adma.201502418,experimental,313.0,0.006254,bar,8.43,0.293655,g/g,0.29365,adsorption,,digitized_from_figure;branch_inferred_from_point_order
NIST-MATDB-fa9eafbe42016145ad7734b8daead8fa,MIL-160,,10.1002adma.201502418.Isotherm8,10.1002/adma.201502418,experimental,313.0,0.006512,bar,8.77,0.289957,g/g,0.28996,adsorption,,digitized_from_figure;branch_inferred_from_point_order
NIST-MATDB-fa9eafbe42016145ad7734b8daead8fa,MIL-160,,10.1002adma.201502418.Isotherm8,10.1002/adma.201502418,experimental,313.0,0.006833,bar,9.21,0.293667,g/g,0.29367,adsorption,,digitized_from_figure;branch_inferred_from_point_order
NIST-MATDB-fa9eafbe42016145ad7734b8daead8fa,MIL-160,,10.1002adma.201502418.Isotherm8,10.1002/adma.201502418,experimental,313.0,0.007025,bar,9.47,0.296449,g/g,0.29645,adsorption,,digitized_from_figure;branch_inferred_from_point_order
NIST-MATDB-fa9eafbe42016145ad7734b8daead8fa,MIL-160,,10.1002adma.201502418.Isotherm8,10.1002/adma.201502418,experimental,313.0,0.007218,bar,9.73,0.297379,g/g,0.29738,adsorption,,digitized_from_figure;branch_inferred_from_point_order
NIST-MATDB-fa9eafbe42016145ad7734b8daead8fa,MIL-160,,10.1002adma.201502418.Isotherm8,10.1002/adma.201502418,experimental,313.0,0.007474,bar,10.07,0.305718,g/g,0.30572,adsorption,,digitized_from_figure;branch_inferred_from_point_order
NIST-MATDB-fa9eafbe42016145ad7734b8daead8fa,MIL-160,,10.1002adma.201502418.Isotherm8,10.1002/adma.201502418,experimental,313.0,0.008052,bar,10.85,0.308509,g/g,0.30851,adsorption,,digitized_from_figure;branch_inferred_from_point_order
NIST-MATDB-fa9eafbe42016145ad7734b8daead8fa,MIL-160,,10.1002adma.201502418.Isotherm8,10.1002/adma.201502418,experimental,313.0,0.008563,bar,11.54,0.325187,g/g,0.32519,adsorption,,digitized_from_figure;branch_inferred_from_point_order
NIST-MATDB-fa9eafbe42016145ad7734b8daead8fa,MIL-160,,10.1002adma.201502418.Isotherm8,10.1002/adma.201502418,experimental,313.0,0.00869,bar,11.71,0.3363,g/g,0.3363,adsorption,,digitized_from_figure;branch_inferred_from_point_order
NIST-MATDB-fa9eafbe42016145ad7734b8daead8fa,MIL-160,,10.1002adma.201502418.Isotherm8,10.1002/adma.201502418,experimental,313.0,0.009204,bar,12.4,0.337238,g/g,0.33724,adsorption,,digitized_from_figure;branch_inferred_from_point_order
NIST-MATDB-fa9eafbe42016145ad7734b8daead8fa,MIL-160,,10.1002adma.201502418.Isotherm8,10.1002/adma.201502418,experimental,313.0,0.010296,bar,13.87,0.346521,g/g,0.34652,adsorption,,digitized_from_figure;branch_inferred_from_point_order
NIST-MATDB-fa9eafbe42016145ad7734b8daead8fa,MIL-160,,10.1002adma.201502418.Isotherm8,10.1002/adma.201502418,experimental,313.0,0.011452,bar,15.43,0.353027,g/g,0.35303,adsorption,,digitized_from_figure;branch_inferred_from_point_order
NIST-MATDB-fa9eafbe42016145ad7734b8daead8fa,MIL-160,,10.1002adma.201502418.Isotherm8,10.1002/adma.201502418,experimental,313.0,0.011452,bar,15.43,0.355805,g/g,0.3558,adsorption,,digitized_from_figure;branch_inferred_from_point_order
NIST-MATDB-fa9eafbe42016145ad7734b8daead8fa,MIL-160,,10.1002adma.201502418.Isotherm8,10.1002/adma.201502418,experimental,313.0,0.013316,bar,17.94,0.357698,g/g,0.3577,adsorption,,digitized_from_figure;branch_inferred_from_point_order
NIST-MATDB-fa9eafbe42016145ad7734b8daead8fa,MIL-160,,10.1002adma.201502418.Isotherm8,10.1002/adma.201502418,experimental,313.0,0.01428,bar,19.24,0.361422,g/g,0.36142,adsorption,,digitized_from_figure;branch_inferred_from_point_order
NIST-MATDB-fa9eafbe42016145ad7734b8daead8fa,MIL-160,,10.1002adma.201502418.Isotherm8,10.1002/adma.201502418,experimental,313.0,0.014987,bar,20.19,0.363289,g/g,0.36329,adsorption,,digitized_from_figure;branch_inferred_from_point_order
NIST-MATDB-fa9eafbe42016145ad7734b8daead8fa,MIL-160,,10.1002adma.201502418.Isotherm8,10.1002/adma.201502418,experimental,313.0,0.016659,bar,22.45,0.363326,g/g,0.36333,adsorption,,digitized_from_figure;branch_inferred_from_point_order
NIST-MATDB-fa9eafbe42016145ad7734b8daead8fa,MIL-160,,10.1002adma.201502418.Isotherm8,10.1002/adma.201502418,experimental,313.0,0.01833,bar,24.7,0.367066,g/g,0.36707,adsorption,,digitized_from_figure;branch_inferred_from_point_order
NIST-MATDB-fa9eafbe42016145ad7734b8daead8fa,MIL-160,,10.1002adma.201502418.Isotherm8,10.1002/adma.201502418,experimental,313.0,0.020129,bar,27.12,0.371735,g/g,0.37173,adsorption,,digitized_from_figure;branch_inferred_from_point_order
NIST-MATDB-fa9eafbe42016145ad7734b8daead8fa,MIL-160,,10.1002adma.201502418.Isotherm8,10.1002/adma.201502418,experimental,313.0,0.021287,bar,28.68,0.372686,g/g,0.37269,adsorption,,digitized_from_figure;branch_inferred_from_point_order
NIST-MATDB-fa9eafbe42016145ad7734b8daead8fa,MIL-160,,10.1002adma.201502418.Isotherm8,10.1002/adma.201502418,experimental,313.0,0.022958,bar,30.93,0.3755,g/g,0.3755,adsorption,,digitized_from_figure;branch_inferred_from_point_order
NIST-MATDB-fa9eafbe42016145ad7734b8daead8fa,MIL-160,,10.1002adma.201502418.Isotherm8,10.1002/adma.201502418,experimental,313.0,0.024244,bar,32.67,0.373676,g/g,0.37368,adsorption,,digitized_from_figure;branch_inferred_from_point_order
NIST-MATDB-fa9eafbe42016145ad7734b8daead8fa,MIL-160,,10.1002adma.201502418.Isotherm8,10.1002/adma.201502418,experimental,313.0,0.025851,bar,34.83,0.379267,g/g,0.37927,adsorption,,digitized_from_figure;branch_inferred_from_point_order
NIST-MATDB-fa9eafbe42016145ad7734b8daead8fa,MIL-160,,10.1002adma.201502418.Isotherm8,10.1002/adma.201502418,experimental,313.0,0.027072,bar,36.48,0.379294,g/g,0.37929,adsorption,,digitized_from_figure;branch_inferred_from_point_order
NIST-MATDB-fa9eafbe42016145ad7734b8daead8fa,MIL-160,,10.1002adma.201502418.Isotherm8,10.1002/adma.201502418,experimental,313.0,0.028808,bar,38.82,0.379331,g/g,0.37933,adsorption,,digitized_from_figure;branch_inferred_from_point_order
NIST-MATDB-fa9eafbe42016145ad7734b8daead8fa,MIL-160,,10.1002adma.201502418.Isotherm8,10.1002/adma.201502418,experimental,313.0,0.029772,bar,40.12,0.38213,g/g,0.38213,adsorption,,digitized_from_figure;branch_inferred_from_point_order
NIST-MATDB-fa9eafbe42016145ad7734b8daead8fa,MIL-160,,10.1002adma.201502418.Isotherm8,10.1002/adma.201502418,experimental,313.0,0.031636,bar,42.63,0.3868,g/g,0.3868,adsorption,,digitized_from_figure;branch_inferred_from_point_order
NIST-MATDB-fa9eafbe42016145ad7734b8daead8fa,MIL-160,,10.1002adma.201502418.Isotherm8,10.1002/adma.201502418,experimental,313.0,0.032729,bar,44.1,0.386824,g/g,0.38682,adsorption,,digitized_from_figure;branch_inferred_from_point_order
NIST-MATDB-fa9eafbe42016145ad7734b8daead8fa,MIL-160,,10.1002adma.201502418.Isotherm8,10.1002/adma.201502418,experimental,313.0,0.035686,bar,48.08,0.38874,g/g,0.38874,adsorption,,digitized_from_figure;branch_inferred_from_point_order
NIST-MATDB-fa9eafbe42016145ad7734b8daead8fa,MIL-160,,10.1002adma.201502418.Isotherm8,10.1002/adma.201502418,experimental,313.0,0.036329,bar,48.95,0.388754,g/g,0.38875,adsorption,,digitized_from_figure;branch_inferred_from_point_order
NIST-MATDB-fa9eafbe42016145ad7734b8daead8fa,MIL-160,,10.1002adma.201502418.Isotherm8,10.1002/adma.201502418,experimental,313.0,0.038193,bar,51.46,0.392499,g/g,0.3925,adsorption,,digitized_from_figure;branch_inferred_from_point_order
NIST-MATDB-29da3034f56a3f314e86df224086cae2,Y-fum-fcu-MOF,,10.1002anie.201506345.Isotherm5,10.1002/anie.201506345,experimental,298.0,0.000837,bar,2.66,0.313725,wt%,0.00314,adsorption,,digitized_from_figure;branch_inferred_from_point_order
NIST-MATDB-29da3034f56a3f314e86df224086cae2,Y-fum-fcu-MOF,,10.1002anie.201506345.Isotherm5,10.1002/anie.201506345,experimental,298.0,0.001672,bar,5.31,1.41176,wt%,0.01412,adsorption,,digitized_from_figure;branch_inferred_from_point_order
NIST-MATDB-29da3034f56a3f314e86df224086cae2,Y-fum-fcu-MOF,,10.1002anie.201506345.Isotherm5,10.1002/anie.201506345,experimental,298.0,0.001949,bar,6.19,2.43137,wt%,0.02431,adsorption,,digitized_from_figure;branch_inferred_from_point_order
NIST-MATDB-29da3034f56a3f314e86df224086cae2,Y-fum-fcu-MOF,,10.1002anie.201506345.Isotherm5,10.1002/anie.201506345,experimental,298.0,0.002156,bar,6.84,3.45098,wt%,0.03451,adsorption,,digitized_from_figure;branch_inferred_from_point_order
NIST-MATDB-29da3034f56a3f314e86df224086cae2,Y-fum-fcu-MOF,,10.1002anie.201506345.Isotherm5,10.1002/anie.201506345,experimental,298.0,0.002223,bar,7.06,4.47059,wt%,0.04471,adsorption,,digitized_from_figure;branch_inferred_from_point_order
NIST-MATDB-29da3034f56a3f314e86df224086cae2,Y-fum-fcu-MOF,,10.1002anie.201506345.Isotherm5,10.1002/anie.201506345,experimental,298.0,0.002285,bar,7.25,7.60784,wt%,0.07608,adsorption,,digitized_from_figure;branch_inferred_from_point_order
NIST-MATDB-29da3034f56a3f314e86df224086cae2,Y-fum-fcu-MOF,,10.1002anie.201506345.Isotherm5,10.1002/anie.201506345,experimental,298.0,0.002288,bar,7.26,6.58824,wt%,0.06588,adsorption,,digitized_from_figure;branch_inferred_from_point_order
NIST-MATDB-29da3034f56a3f314e86df224086cae2,Y-fum-fcu-MOF,,10.1002anie.201506345.Isotherm5,10.1002/anie.201506345,experimental,298.0,0.00229,bar,7.27,5.4902,wt%,0.0549,adsorption,,digitized_from_figure;branch_inferred_from_point_order
NIST-MATDB-29da3034f56a3f314e86df224086cae2,Y-fum-fcu-MOF,,10.1002anie.201506345.Isotherm5,10.1002/anie.201506345,experimental,298.0,0.002353,bar,7.47,8.54902,wt%,0.08549,adsorption,,digitized_from_figure;branch_inferred_from_point_order
NIST-MATDB-29da3034f56a3f314e86df224086cae2,Y-fum-fcu-MOF,,10.1002anie.201506345.Isotherm5,10.1002/anie.201506345,experimental,298.0,0.002417,bar,7.67,10.6667,wt%,0.10667,adsorption,,digitized_from_figure;branch_inferred_from_point_order
NIST-MATDB-29da3034f56a3f314e86df224086cae2,Y-fum-fcu-MOF,,10.1002anie.201506345.Isotherm5,10.1002/anie.201506345,experimental,298.0,0.00242,bar,7.68,9.56863,wt%,0.09569,adsorption,,digitized_from_figure;branch_inferred_from_point_order
NIST-MATDB-29da3034f56a3f314e86df224086cae2,Y-fum-fcu-MOF,,10.1002anie.201506345.Isotherm5,10.1002/anie.201506345,experimental,298.0,0.002554,bar,8.11,11.6863,wt%,0.11686,adsorption,,digitized_from_figure;branch_inferred_from_point_order
NIST-MATDB-29da3034f56a3f314e86df224086cae2,Y-fum-fcu-MOF,,10.1002anie.201506345.Isotherm5,10.1002/anie.201506345,experimental,298.0,0.002622,bar,8.32,12.6275,wt%,0.12627,adsorption,,digitized_from_figure;branch_inferred_from_point_order
NIST-MATDB-29da3034f56a3f314e86df224086cae2,Y-fum-fcu-MOF,,10.1002anie.201506345.Isotherm5,10.1002/anie.201506345,experimental,298.0,0.002759,bar,8.76,13.7255,wt%,0.13726,adsorption,,digitized_from_figure;branch_inferred_from_point_order
NIST-MATDB-29da3034f56a3f314e86df224086cae2,Y-fum-fcu-MOF,,10.1002anie.201506345.Isotherm5,10.1002/anie.201506345,experimental,298.0,0.002816,bar,8.94,18.7451,wt%,0.18745,adsorption,,digitized_from_figure;branch_inferred_from_point_order
NIST-MATDB-29da3034f56a3f314e86df224086cae2,Y-fum-fcu-MOF,,10.1002anie.201506345.Isotherm5,10.1002/anie.201506345,experimental,298.0,0.002966,bar,9.41,14.6667,wt%,0.14667,adsorption,,digitized_from_figure;branch_inferred_from_point_order
NIST-MATDB-29da3034f56a3f314e86df224086cae2,Y-fum-fcu-MOF,,10.1002anie.201506345.Isotherm5,10.1002/anie.201506345,experimental,298.0,0.003163,bar,10.04,19.6863,wt%,0.19686,adsorption,,digitized_from_figure;branch_inferred_from_point_order
NIST-MATDB-29da3034f56a3f314e86df224086cae2,Y-fum-fcu-MOF,,10.1002anie.201506345.Isotherm5,10.1002/anie.201506345,experimental,298.0,0.003242,bar,10.29,15.6863,wt%,0.15686,adsorption,,digitized_from_figure;branch_inferred_from_point_order
NIST-MATDB-29da3034f56a3f314e86df224086cae2,Y-fum-fcu-MOF,,10.1002anie.201506345.Isotherm5,10.1002/anie.201506345,experimental,298.0,0.003519,bar,11.17,16.7059,wt%,0.16706,adsorption,,digitized_from_figure;branch_inferred_from_point_order
NIST-MATDB-29da3034f56a3f314e86df224086cae2,Y-fum-fcu-MOF,,10.1002anie.201506345.Isotherm5,10.1002/anie.201506345,experimental,298.0,0.003649,bar,11.58,20.7059,wt%,0.20706,adsorption,,digitized_from_figure;branch_inferred_from_point_order
NIST-MATDB-29da3034f56a3f314e86df224086cae2,Y-fum-fcu-MOF,,10.1002anie.201506345.Isotherm5,10.1002/anie.201506345,experimental,298.0,0.003796,bar,12.05,17.7255,wt%,0.17725,adsorption,,digitized_from_figure;branch_inferred_from_point_order
NIST-MATDB-29da3034f56a3f314e86df224086cae2,Y-fum-fcu-MOF,,10.1002anie.201506345.Isotherm5,10.1002/anie.201506345,experimental,298.0,0.004142,bar,13.15,18.7451,wt%,0.18745,adsorption,,digitized_from_figure;branch_inferred_from_point_order
NIST-MATDB-29da3034f56a3f314e86df224086cae2,Y-fum-fcu-MOF,,10.1002anie.201506345.Isotherm5,10.1002/anie.201506345,experimental,298.0,0.004414,bar,14.01,21.8039,wt%,0.21804,adsorption,,digitized_from_figure;branch_inferred_from_point_order
NIST-MATDB-29da3034f56a3f314e86df224086cae2,Y-fum-fcu-MOF,,10.1002anie.201506345.Isotherm5,10.1002/anie.201506345,experimental,298.0,0.004629,bar,14.69,19.7647,wt%,0.19765,adsorption,,digitized_from_figure;branch_inferred_from_point_order
NIST-MATDB-29da3034f56a3f314e86df224086cae2,Y-fum-fcu-MOF,,10.1002anie.201506345.Isotherm5,10.1002/anie.201506345,experimental,298.0,0.005254,bar,16.68,20.7843,wt%,0.20784,adsorption,,digitized_from_figure;branch_inferred_from_point_order
NIST-MATDB-29da3034f56a3f314e86df224086cae2,Y-fum-fcu-MOF,,10.1002anie.201506345.Isotherm5,10.1002/anie.201506345,experimental,298.0,0.005528,bar,17.55,22.902,wt%,0.22902,adsorption,,digitized_from_figure;branch_inferred_from_point_order
NIST-MATDB-29da3034f56a3f314e86df224086cae2,Y-fum-fcu-MOF,,10.1002anie.201506345.Isotherm5,10.1002/anie.201506345,experimental,298.0,0.006229,bar,19.77,21.8824,wt%,0.21882,adsorption,,digitized_from_figure;branch_inferred_from_point_order
NIST-MATDB-29da3034f56a3f314e86df224086cae2,Y-fum-fcu-MOF,,10.1002anie.201506345.Isotherm5,10.1002/anie.201506345,experimental,298.0,0.006295,bar,19.98,23.5294,wt%,0.23529,adsorption,,digitized_from_figure;branch_inferred_from_point_order
NIST-MATDB-29da3034f56a3f314e86df224086cae2,Y-fum-fcu-MOF,,10.1002anie.201506345.Isotherm5,10.1002/anie.201506345,experimental,298.0,0.006926,bar,21.98,22.5098,wt%,0.2251,adsorption,,digitized_from_figure;branch_inferred_from_point_order
NIST-MATDB-29da3034f56a3f314e86df224086cae2,Y-fum-fcu-MOF,,10.1002anie.201506345.Isotherm5,10.1002/anie.201506345,experimental,298.0,0.008387,bar,26.62,24.549,wt%,0.24549,adsorption,,digitized_from_figure;branch_inferred_from_point_order
NIST-MATDB-29da3034f56a3f314e86df224086cae2,Y-fum-fcu-MOF,,10.1002anie.201506345.Isotherm5,10.1002/anie.201506345,experimental,298.0,0.00846,bar,26.85,23.451,wt%,0.23451,adsorption,,digitized_from_figure;branch_inferred_from_point_order
NIST-MATDB-29da3034f56a3f314e86df224086cae2,Y-fum-fcu-MOF,,10.1002anie.201506345.Isotherm5,10.1002/anie.201506345,experimental,298.0,0.010412,bar,33.05,24.3922,wt%,0.24392,adsorption,,digitized_from_figure;branch_inferred_from_point_order
NIST-MATDB-29da3034f56a3f314e86df224086cae2,Y-fum-fcu-MOF,,10.1002anie.201506345.Isotherm5,10.1002/anie.201506345,experimental,298.0,0.011526,bar,36.58,25.5686,wt%,0.25569,adsorption,,digitized_from_figure;branch_inferred_from_point_order
NIST-MATDB-29da3034f56a3f314e86df224086cae2,Y-fum-fcu-MOF,,10.1002anie.201506345.Isotherm5,10.1002/anie.201506345,experimental,298.0,0.013133,bar,41.68,25.2549,wt%,0.25255,adsorption,,digitized_from_figure;branch_inferred_from_point_order
NIST-MATDB-29da3034f56a3f314e86df224086cae2,Y-fum-fcu-MOF,,10.1002anie.201506345.Isotherm5,10.1002/anie.201506345,experimental,298.0,0.015155,bar,48.1,26.2745,wt%,0.26275,adsorption,,digitized_from_figure;branch_inferred_from_point_order
NIST-MATDB-29da3034f56a3f314e86df224086cae2,Y-fum-fcu-MOF,,10.1002anie.201506345.Isotherm5,10.1002/anie.201506345,experimental,298.0,0.015994,bar,50.77,25.8824,wt%,0.25882,adsorption,,digitized_from_figure;branch_inferred_from_point_order
NIST-MATDB-29da3034f56a3f314e86df224086cae2,Y-fum-fcu-MOF,,10.1002anie.201506345.Isotherm5,10.1002/anie.201506345,experimental,298.0,0.017947,bar,56.96,26.6667,wt%,0.26667,adsorption,,digitized_from_figure;branch_inferred_from_point_order
NIST-MATDB-29da3034f56a3f314e86df224086cae2,Y-fum-fcu-MOF,,10.1002anie.201506345.Isotherm5,10.1002/anie.201506345,experimental,298.0,0.019902,bar,63.17,26.5098,wt%,0.2651,adsorption,,digitized_from_figure;branch_inferred_from_point_order
NIST-MATDB-29da3034f56a3f314e86df224086cae2,Y-fum-fcu-MOF,,10.1002anie.201506345.Isotherm5,10.1002/anie.201506345,experimental,298.0,0.020739,bar,65.83,26.902,wt%,0.26902,adsorption,,digitized_from_figure;branch_inferred_from_point_order
NIST-MATDB-29da3034f56a3f314e86df224086cae2,Y-fum-fcu-MOF,,10.1002anie.201506345.Isotherm5,10.1002/anie.201506345,experimental,298.0,0.022973,bar,72.92,26.902,wt%,0.26902,adsorption,,digitized_from_figure;branch_inferred_from_point_order
NIST-MATDB-29da3034f56a3f314e86df224086cae2,Y-fum-fcu-MOF,,10.1002anie.201506345.Isotherm5,10.1002/anie.201506345,experimental,298.0,0.023741,bar,75.36,27.1373,wt%,0.27137,adsorption,,digitized_from_figure;branch_inferred_from_point_order
NIST-MATDB-29da3034f56a3f314e86df224086cae2,Y-fum-fcu-MOF,,10.1002anie.201506345.Isotherm5,10.1002/anie.201506345,experimental,298.0,0.025975,bar,82.45,27.3725,wt%,0.27372,adsorption,,digitized_from_figure;branch_inferred_from_point_order
NIST-MATDB-29da3034f56a3f314e86df224086cae2,Y-fum-fcu-MOF,,10.1002anie.201506345.Isotherm5,10.1002/anie.201506345,experimental,298.0,0.026254,bar,83.33,27.2941,wt%,0.27294,adsorption,,digitized_from_figure;branch_inferred_from_point_order
NIST-MATDB-29da3034f56a3f314e86df224086cae2,Y-fum-fcu-MOF,,10.1002anie.201506345.Isotherm5,10.1002/anie.201506345,experimental,298.0,0.029116,bar,92.42,27.5294,wt%,0.27529,adsorption,,digitized_from_figure;branch_inferred_from_point_order
NIST-MATDB-991daf7313251e7e607e2bab2da57e33,CuBTC,,10.1002bkcs.10087.Isotherm2,10.1002/bkcs.10087,experimental,298.0,0.0,bar,0.0,0.0,mg/g,0.0,adsorption,,digitized_from_figure;branch_inferred_from_point_order
NIST-MATDB-991daf7313251e7e607e2bab2da57e33,CuBTC,,10.1002bkcs.10087.Isotherm2,10.1002/bkcs.10087,experimental,298.0,0.000769,bar,2.44,120.344,mg/g,0.12034,adsorption,,digitized_from_figure;branch_inferred_from_point_order
NIST-MATDB-991daf7313251e7e607e2bab2da57e33,CuBTC,,10.1002bkcs.10087.Isotherm2,10.1002/bkcs.10087,experimental,298.0,0.001007,bar,3.2,137.536,mg/g,0.13754,adsorption,,digitized_from_figure;branch_inferred_from_point_order
NIST-MATDB-991daf7313251e7e607e2bab2da57e33,CuBTC,,10.1002bkcs.10087.Isotherm2,10.1002/bkcs.10087,experimental,298.0,0.001305,bar,4.14,154.728,mg/g,0.15473,adsorption,,digitized_from_figure;branch_inferred_from_point_order
NIST-MATDB-991daf7313251e7e607e2bab2da57e33,CuBTC,,10.1002bkcs.10087.Isotherm2,10.1002/bkcs.10087,experimental,298.0,0.001483,bar,4.71,169.054,mg/g,0.16905,adsorption,,digitized_from_figure;branch_inferred_from_point_order
NIST-MATDB-991daf7313251e7e607e2bab2da57e33,CuBTC,,10.1002bkcs.10087.Isotherm2,10.1002/bkcs.10087,experimental,298.0,0.00196,bar,6.22,183.381,mg/g,0.18338,adsorption,,digitized_from_figure;branch_inferred_from_point_order
NIST-MATDB-991daf7313251e7e607e2bab2da57e33,CuBTC,,10.1002bkcs.10087.Isotherm2,10.1002/bkcs.10087,experimental,298.0,0.002377,bar,7.54,194.842,mg/g,0.19484,adsorption,,digitized_from_figure;branch_inferred_from_point_order
NIST-MATDB-991daf7313251e7e607e2bab2da57e33,CuBTC,,10.1002bkcs.10087.Isotherm2,10.1002/bkcs.10087,experimental,298.0,0.002377,bar,7.54,206.304,mg/g,0.2063,adsorption,,digitized_from_figure;branch_inferred_from_point_order
NIST-MATDB-991daf7313251e7e607e2bab2da57e33,CuBTC,,10.1002bkcs.10087.Isotherm2,10.1002/bkcs.10087,experimental,298.0,0.002675,bar,8.49,217.765,mg/g,0.21776,adsorption,,digitized_from_figure;branch_inferred_from_point_order
NIST-MATDB-991daf7313251e7e607e2bab2da57e33,CuBTC,,10.1002bkcs.10087.Isotherm2,10.1002/bkcs.10087,experimental,298.0,0.002914,bar,9.25,212.034,mg/g,0.21203,adsorption,,digitized_from_figure;branch_inferred_from_point_order
NIST-MATDB-991daf7313251e7e607e2bab2da57e33,CuBTC,,10.1002bkcs.10087.Isotherm2,10.1002/bkcs.10087,experimental,298.0,0.003033,bar,9.63,223.496,mg/g,0.2235,adsorption,,digitized_from_figure;branch_inferred_from_point_order
NIST-MATDB-991daf7313251e7e607e2bab2da57e33,CuBTC,,10.1002bkcs.10087.Isotherm2,10.1002/bkcs.10087,experimental,298.0,0.003212,bar,10.2,229.226,mg/g,0.22923,adsorption,,digitized_from_figure;branch_inferred_from_point_order
NIST-MATDB-991daf7313251e7e607e2bab2da57e33,CuBTC,,10.1002bkcs.10087.Isotherm2,10.1002/bkcs.10087,experimental,298.0,0.003391,bar,10.76,226.361,mg/g,0.22636,adsorption,,digitized_from_figure;branch_inferred_from_point_order
NIST-MATDB-991daf7313251e7e607e2bab2da57e33,CuBTC,,10.1002bkcs.10087.Isotherm2,10.1002/bkcs.10087,experimental,298.0,0.00345,bar,10.95,237.822,mg/g,0.23782,adsorption,,digitized_from_figure;branch_inferred_from_point_order
NIST-MATDB-991daf7313251e7e607e2bab2da57e33,CuBTC,,10.1002bkcs.10087.Isotherm2,10.1002/bkcs.10087,experimental,298.0,0.003748,bar,11.9,249.284,mg/g,0.24928,adsorption,,digitized_from_figure;branch_inferred_from_point_order
NIST-MATDB-991daf7313251e7e607e2bab2da57e33,CuBTC,,10.1002bkcs.10087.Isotherm2,10.1002/bkcs.10087,experimental,298.0,0.003926,bar,12.46,260.745,mg/g,0.26075,adsorption,,digitized_from_figure;branch_inferred_from_point_order
NIST-MATDB-991daf7313251e7e607e2bab2da57e33,CuBTC,,10.1002bkcs.10087.Isotherm2,10.1002/bkcs.10087,experimental,298.0,0.004106,bar,13.03,255.014,mg/g,0.25501,adsorption,,digitized_from_figure;branch_inferred_from_point_order
NIST-MATDB-991daf7313251e7e607e2bab2da57e33,CuBTC,,10.1002bkcs.10087.Isotherm2,10.1002/bkcs.10087,experimental,298.0,0.004284,bar,13.6,269.341,mg/g,0.26934,adsorption,,digitized_from_figure;branch_inferred_from_point_order
NIST-MATDB-991daf7313251e7e607e2bab2da57e33,CuBTC,,10.1002bkcs.10087.Isotherm2,10.1002/bkcs.10087,experimental,298.0,0.004523,bar,14.36,269.341,mg/g,0.26934,adsorption,,digitized_from_figure;branch_inferred_from_point_order
NIST-MATDB-991daf7313251e7e607e2bab2da57e33,CuBTC,,10.1002bkcs.10087.Isotherm2,10.1002/bkcs.10087,experimental,298.0,0.004939,bar,15.68,303.725,mg/g,0.30373,adsorption,,digitized_from_figure;branch_inferred_from_point_order
NIST-MATDB-991daf7313251e7e607e2bab2da57e33,CuBTC,,10.1002bkcs.10087.Isotherm2,10.1002/bkcs.10087,experimental,298.0,0.005179,bar,16.44,292.264,mg/g,0.29226,adsorption,,digitized_from_figure;branch_inferred_from_point_order
NIST-MATDB-991daf7313251e7e607e2bab2da57e33,CuBTC,,10.1002bkcs.10087.Isotherm2,10.1002/bkcs.10087,experimental,298.0,0.005237,bar,16.62,315.186,mg/g,0.31519,adsorption,,digitized_from_figure;branch_inferred_from_point_order
NIST-MATDB-991daf7313251e7e607e2bab2da57e33,CuBTC,,10.1002bkcs.10087.Isotherm2,10.1002/bkcs.10087,experimental,298.0,0.005536,bar,17.57,306.59,mg/g,0.30659,adsorption,,digitized_from_figure;branch_inferred_from_point_order
NIST-MATDB-991daf7313251e7e607e2bab2da57e33,CuBTC,,10.1002bkcs.10087.Isotherm2,10.1002/bkcs.10087,experimental,298.0,0.005774,bar,18.33,335.244,mg/g,0.33524,adsorption,,digitized_from_figure;branch_inferred_from_point_order
NIST-MATDB-991daf7313251e7e607e2bab2da57e33,CuBTC,,10.1002bkcs.10087.Isotherm2,10.1002/bkcs.10087,experimental,298.0,0.005953,bar,18.9,329.513,mg/g,0.32951,adsorption,,digitized_from_figure;branch_inferred_from_point_order
NIST-MATDB-991daf7313251e7e607e2bab2da57e33,CuBTC,,10.1002bkcs.10087.Isotherm2,10.1002/bkcs.10087,experimental,298.0,0.00637,bar,20.22,358.166,mg/g,0.35817,adsorption,,digitized_from_figure;branch_inferred_from_point_order
NIST-MATDB-991daf7313251e7e607e2bab2da57e33,CuBTC,,10.1002bkcs.10087.Isotherm2,10.1002/bkcs.10087,experimental,298.0,0.006789,bar,21.55,340.974,mg/g,0.34097,adsorption,,digitized_from_figure;branch_inferred_from_point_order
NIST-MATDB-991daf7313251e7e607e2bab2da57e33,CuBTC,,10.1002bkcs.10087.Isotherm2,10.1002/bkcs.10087,experimental,298.0,0.007087,bar,22.49,346.705,mg/g,0.3467,adsorption,,digitized_from_figure;branch_inferred_from_point_order
NIST-MATDB-991daf7313251e7e607e2bab2da57e33,CuBTC,,10.1002bkcs.10087.Isotherm2,10.1002/bkcs.10087,experimental,298.0,0.007325,bar,23.25,366.762,mg/g,0.36676,adsorption,,digitized_from_figure;branch_inferred_from_point_order
NIST-MATDB-991daf7313251e7e607e2bab2da57e33,CuBTC,,10.1002bkcs.10087.Isotherm2,10.1002/bkcs.10087,experimental,298.0,0.007803,bar,24.77,355.301,mg/g,0.3553,adsorption,,digitized_from_figure;branch_inferred_from_point_order
NIST-MATDB-991daf7313251e7e607e2bab2da57e33,CuBTC,,10.1002bkcs.10087.Isotherm2,10.1002/bkcs.10087,experimental,298.0,0.008042,bar,25.53,361.032,mg/g,0.36103,adsorption,,digitized_from_figure;branch_inferred_from_point_order
NIST-MATDB-991daf7313251e7e607e2bab2da57e33,CuBTC,,10.1002bkcs.10087.Isotherm2,10.1002/bkcs.10087,experimental,298.0,0.008877,bar,28.18,372.493,mg/g,0.37249,adsorption,,digitized_from_figure;branch_inferred_from_point_order
NIST-MATDB-991daf7313251e7e607e2bab2da57e33,CuBTC,,10.1002bkcs.10087.Isotherm2,10.1002/bkcs.10087,experimental,298.0,0.009414,bar,29.88,386.819,mg/g,0.38682,adsorption,,digitized_from_figure;branch_inferred_from_point_order
NIST-MATDB-991daf7313251e7e607e2bab2da57e33,CuBTC,,10.1002bkcs.10087.Isotherm2,10.1002/bkcs.10087,experimental,298.0,0.009952,bar,31.59,378.223,mg/g,0.37822,adsorption,,digitized_from_figure;branch_inferred_from_point_order
NIST-MATDB-991daf7313251e7e607e2bab2da57e33,CuBTC,,10.1002bkcs.10087.Isotherm2,10.1002/bkcs.10087,experimental,298.0,0.01019,bar,32.34,398.281,mg/g,0.39828,adsorption,,digitized_from_figure;branch_inferred_from_point_order
NIST-MATDB-991daf7313251e7e607e2bab2da57e33,CuBTC,,10.1002bkcs.10087.Isotherm2,10.1002/bkcs.10087,experimental,298.0,0.010666,bar,33.85,418.338,mg/g,0.41834,adsorption,,digitized_from_figure;branch_inferred_from_point_order
NIST-MATDB-991daf7313251e7e607e2bab2da57e33,CuBTC,,10.1002bkcs.10087.Isotherm2,10.1002/bkcs.10087,experimental,298.0,0.011442,bar,36.32,438.395,mg/g,0.43839,adsorption,,digitized_from_figure;branch_inferred_from_point_order
NIST-MATDB-991daf7313251e7e607e2bab2da57e33,CuBTC,,10.1002bkcs.10087.Isotherm2,10.1002/bkcs.10087,experimental,298.0,0.01162,bar,36.88,444.126,mg/g,0.44413,adsorption,,digitized_from_figure;branch_inferred_from_point_order
NIST-MATDB-991daf7313251e7e607e2bab2da57e33,CuBTC,,10.1002bkcs.10087.Isotherm2,10.1002/bkcs.10087,experimental,298.0,0.011624,bar,36.9,383.954,mg/g,0.38395,adsorption,,digitized_from_figure;branch_inferred_from_point_order
NIST-MATDB-991daf7313251e7e607e2bab2da57e33,CuBTC,,10.1002bkcs.10087.Isotherm2,10.1002/bkcs.10087,experimental,298.0,0.012097,bar,38.4,458.453,mg/g,0.45845,adsorption,,digitized_from_figure;branch_inferred_from_point_order
NIST-MATDB-991daf7313251e7e607e2bab2da57e33,CuBTC,,10.1002bkcs.10087.Isotherm2,10.1002/bkcs.10087,experimental,298.0,0.012455,bar,39.53,469.914,mg/g,0.46991,adsorption,,digitized_from_figure;branch_inferred_from_point_order
NIST-MATDB-991daf7313251e7e607e2bab2da57e33,CuBTC,,10.1002bkcs.10087.Isotherm2,10.1002/bkcs.10087,experimental,298.0,0.012992,bar,41.24,481.375,mg/g,0.48137,adsorption,,digitized_from_figure;branch_inferred_from_point_order
NIST-MATDB-991daf7313251e7e607e2bab2da57e33,CuBTC,,10.1002bkcs.10087.Isotherm2,10.1002/bkcs.10087,experimental,298.0,0.013475,bar,42.77,395.415,mg/g,0.39542,adsorption,,digitized_from_figure;branch_inferred_from_point_order
NIST-MATDB-991daf7313251e7e607e2bab2da57e33,CuBTC,,10.1002bkcs.10087.Isotherm2,10.1002/bkcs.10087,experimental,298.0,0.014006,bar,44.46,498.567,mg/g,0.49857,adsorption,,digitized_from_figure;branch_inferred_from_point_order
NIST-MATDB-991daf7313251e7e607e2bab2da57e33,CuBTC,,10.1002bkcs.10087.Isotherm2,10.1002/bkcs.10087,experimental,298.0,0.015087,bar,47.89,401.146,mg/g,0.40115,adsorption,,digitized_from_figure;branch_inferred_from_point_order
NIST-MATDB-991daf7313251e7e607e2bab2da57e33,CuBTC,,10.1002bkcs.10087.Isotherm2,10.1002/bkcs.10087,experimental,298.0,0.016037,bar,50.9,504.298,mg/g,0.5043,adsorption,,digitized_from_figure;branch_inferred_from_point_order
NIST-MATDB-991daf7313251e7e607e2bab2da57e33,CuBTC,,10.1002bkcs.10087.Isotherm2,10.1002/bkcs.10087,experimental,298.0,0.01664,bar,52.82,406.877,mg/g,0.40688,adsorption,,digitized_from_figure;branch_inferred_from_point_order
NIST-MATDB-991daf7313251e7e607e2bab2da57e33,CuBTC,,10.1002bkcs.10087.Isotherm2,10.1002/bkcs.10087,experimental,298.0,0.017894,bar,56.8,412.607,mg/g,0.41261,adsorption,,digitized_from_figure;branch_inferred_from_point_order
NIST-MATDB-991daf7313251e7e607e2bab2da57e33,CuBTC,,10.1002bkcs.10087.Isotherm2,10.1002/bkcs.10087,experimental,298.0,0.018186,bar,57.72,518.625,mg/g,0.51863,adsorption,,digitized_from_figure;branch_inferred_from_point_order
NIST-MATDB-991daf7313251e7e607e2bab2da57e33,CuBTC,,10.1002bkcs.10087.Isotherm2,10.1002/bkcs.10087,experimental,298.0,0.019805,bar,62.86,421.203,mg/g,0.4212,adsorption,,digitized_from_figure;branch_inferred_from_point_order
NIST-MATDB-991daf7313251e7e607e2bab2da57e33,CuBTC,,10.1002bkcs.10087.Isotherm2,10.1002/bkcs.10087,experimental,298.0,0.0207,bar,65.7,429.799,mg/g,0.4298,adsorption,,digitized_from_figure;branch_inferred_from_point_order
NIST-MATDB-991daf7313251e7e607e2bab2da57e33,CuBTC,,10.1002bkcs.10087.Isotherm2,10.1002/bkcs.10087,experimental,298.0,0.02153,bar,68.34,527.221,mg/g,0.52722,adsorption,,digitized_from_figure;branch_inferred_from_point_order
NIST-MATDB-991daf7313251e7e607e2bab2da57e33,CuBTC,,10.1002bkcs.10087.Isotherm2,10.1002/bkcs.10087,experimental,298.0,0.021535,bar,68.35,444.126,mg/g,0.44413,adsorption,,digitized_from_figure;branch_inferred_from_point_order
NIST-MATDB-991daf7313251e7e607e2bab2da57e33,CuBTC,,10.1002bkcs.10087.Isotherm2,10.1002/bkcs.10087,experimental,298.0,0.022191,bar,70.44,461.318,mg/g,0.46132,adsorption,,digitized_from_figure;branch_inferred_from_point_order
NIST-MATDB-991daf7313251e7e607e2bab2da57e33,CuBTC,,10.1002bkcs.10087.Isotherm2,10.1002/bkcs.10087,experimental,298.0,0.022788,bar,72.33,467.049,mg/g,0.46705,adsorption,,digitized_from_figure;branch_inferred_from_point_order
NIST-MATDB-991daf7313251e7e607e2bab2da57e33,CuBTC,,10.1002bkcs.10087.Isotherm2,10.1002/bkcs.10087,experimental,298.0,0.023086,bar,73.28,484.241,mg/g,0.48424,adsorption,,digitized_from_figure;branch_inferred_from_point_order
NIST-MATDB-991daf7313251e7e607e2bab2da57e33,CuBTC,,10.1002bkcs.10087.Isotherm2,10.1002/bkcs.10087,experimental,298.0,0.023623,bar,74.98,492.837,mg/g,0.49284,adsorption,,digitized_from_figure;branch_inferred_from_point_order
NIST-MATDB-991daf7313251e7e607e2bab2da57e33,CuBTC,,10.1002bkcs.10087.Isotherm2,10.1002/bkcs.10087,experimental,298.0,0.024578,bar,78.01,510.029,mg/g,0.51003,adsorption,,digitized_from_figure;branch_inferred_from_point_order
NIST-MATDB-991daf7313251e7e607e2bab2da57e33,CuBTC,,10.1002bkcs.10087.Isotherm2,10.1002/bkcs.10087,experimental,298.0,0.026009,bar,82.55,535.817,mg/g,0.53582,adsorption,,digitized_from_figure;branch_inferred_from_point_order
NIST-MATDB-991daf7313251e7e607e2bab2da57e33,CuBTC,,10.1002bkcs.10087.Isotherm2,10.1002/bkcs.10087,experimental,298.0,0.027265,bar,86.54,518.625,mg/g,0.51863,adsorption,,digitized_from_figure;branch_inferred_from_point_order
NIST-MATDB-991daf7313251e7e607e2bab2da57e33,CuBTC,,10.1002bkcs.10087.Isotherm2,10.1002/bkcs.10087,experimental,298.0,0.028877,bar,91.66,530.086,mg/g,0.53009,adsorption,,digitized_from_figure;branch_inferred_from_point_order
NIST-MATDB-991daf7313251e7e607e2bab2da57e33,CuBTC,,10.1002bkcs.10087.Isotherm2,10.1002/bkcs.10087,experimental,298.0,0.030907,bar,98.1,544.413,mg/g,0.54441,adsorption,,digitized_from_figure;branch_inferred_from_point_order
NIST-MATDB-6077f48427dfa5fd3f8b6a40b13473a3,MIL-101,,10.1002cite.201600051.Isotherm1,10.1002/cite.201600051,experimental,298.0,4.4e-05,bar,0.14,0.1083,mmol/g,0.00195,adsorption,,digitized_from_figure;branch_inferred_from_point_order
NIST-MATDB-6077f48427dfa5fd3f8b6a40b13473a3,MIL-101,,10.1002cite.201600051.Isotherm1,10.1002/cite.201600051,experimental,298.0,0.001421,bar,4.51,2.5461,mmol/g,0.04587,adsorption,,digitized_from_figure;branch_inferred_from_point_order
NIST-MATDB-6077f48427dfa5fd3f8b6a40b13473a3,MIL-101,,10.1002cite.201600051.Isotherm1,10.1002/cite.201600051,experimental,298.0,0.003687,bar,11.7,3.9246,mmol/g,0.0707,adsorption,,digitized_from_figure;branch_inferred_from_point_order
NIST-MATDB-6077f48427dfa5fd3f8b6a40b13473a3,MIL-101,,10.1002cite.201600051.Isotherm1,10.1002/cite.201600051,experimental,298.0,0.005883,bar,18.67,4.4904,mmol/g,0.08089,adsorption,,digitized_from_figure;branch_inferred_from_point_order
NIST-MATDB-6077f48427dfa5fd3f8b6a40b13473a3,MIL-101,,10.1002cite.201600051.Isotherm1,10.1002/cite.201600051,experimental,298.0,0.007895,bar,25.06,4.8997,mmol/g,0.08827,adsorption,,digitized_from_figure;branch_inferred_from_point_order
NIST-MATDB-6077f48427dfa5fd3f8b6a40b13473a3,MIL-101,,10.1002cite.201600051.Isotherm1,10.1002/cite.201600051,experimental,298.0,0.010127,bar,32.14,5.2849,mmol/g,0.09521,adsorption,,digitized_from_figure;branch_inferred_from_point_order
NIST-MATDB-6077f48427dfa5fd3f8b6a40b13473a3,MIL-101,,10.1002cite.201600051.Isotherm1,10.1002/cite.201600051,experimental,298.0,0.012622,bar,40.06,5.7243,mmol/g,0.10312,adsorption,,digitized_from_figure;branch_inferred_from_point_order
NIST-MATDB-6077f48427dfa5fd3f8b6a40b13473a3,MIL-101,,10.1002cite.201600051.Isotherm1,10.1002/cite.201600051,experimental,298.0,0.014668,bar,46.56,6.573,mmol/g,0.11841,adsorption,,digitized_from_figure;branch_inferred_from_point_order
NIST-MATDB-6077f48427dfa5fd3f8b6a40b13473a3,MIL-101,,10.1002cite.201600051.Isotherm1,10.1002/cite.201600051,experimental,298.0,0.015847,bar,50.3,7.8371,mmol/g,0.14119,adsorption,,digitized_from_figure;branch_inferred_from_point_order
NIST-MATDB-6077f48427dfa5fd3f8b6a40b13473a3,MIL-101,,10.1002cite.201600051.Isotherm1,10.1002/cite.201600051,experimental,298.0,0.016783,bar,53.27,10.7083,mmol/g,0.19291,adsorption,,digitized_from_figure;branch_inferred_from_point_order
NIST-MATDB-6077f48427dfa5fd3f8b6a40b13473a3,MIL-101,,10.1002cite.201600051.Isotherm1,10.1002/cite.201600051,experimental,298.0,0.017174,bar,54.51,13.5734,mmol/g,0.24452,adsorption,,digitized_from_figure;branch_inferred_from_point_order
NIST-MATDB-6077f48427dfa5fd3f8b6a40b13473a3,MIL-101,,10.1002cite.201600051.Isotherm1,10.1002/cite.201600051,experimental,298.0,0.017576,bar,55.79,16.577,mmol/g,0.29863,adsorption,,digitized_from_figure;branch_inferred_from_point_order
NIST-MATDB-6077f48427dfa5fd3f8b6a40b13473a3,MIL-101,,10.1002cite.201600051.Isotherm1,10.1002/cite.201600051,experimental,298.0,0.017727,bar,56.27,19.4001,mmol/g,0.34949,adsorption,,digitized_from_figure;branch_inferred_from_point_order
NIST-MATDB-6077f48427dfa5fd3f8b6a40b13473a3,MIL-101,,10.1002cite.201600051.Isotherm1,10.1002/cite.201600051,experimental,298.0,0.018002,bar,57.14,22.1569,mmol/g,0.39916,adsorption,,digitized_from_figure;branch_inferred_from_point_order
NIST-MATDB-6077f48427dfa5fd3f8b6a40b13473a3,MIL-101,,10.1002cite.201600051.Isotherm1,10.1002/cite.201600051,experimental,298.0,0.0183,bar,58.09,24.9197,mmol/g,0.44893,adsorption,,digitized_from_figure;branch_inferred_from_point_order
NIST-MATDB-6077f48427dfa5fd3f8b6a40b13473a3,MIL-101,,10.1002cite.201600051.Isotherm1,10.1002/cite.201600051,experimental,298.0,0.018585,bar,58.99,27.809,mmol/g,0.50098,adsorption,,digitized_from_figure;branch_inferred_from_point_order
NIST-MATDB-6077f48427dfa5fd3f8b6a40b13473a3,MIL-101,,10.1002cite.201600051.Isotherm1,10.1002/cite.201600051,experimental,298.0,0.019345,bar,61.4,31.17,mmol/g,0.56153,adsorption,,digitized_from_figure;branch_inferred_from_point_order
NIST-MATDB-6077f48427dfa5fd3f8b6a40b13473a3,MIL-101,,10.1002cite.201600051.Isotherm1,10.1002/cite.201600051,experimental,298.0,0.019792,bar,62.82,34.8636,mmol/g,0.62807,adsorption,,digitized_from_figure;branch_inferred_from_point_order
NIST-MATDB-6077f48427dfa5fd3f8b6a40b13473a3,MIL-101,,10.1002cite.201600051.Isotherm1,10.1002/cite.201600051,experimental,298.0,0.02012,bar,63.86,38.6376,mmol/g,0.69606,adsorption,,digitized_from_figure;branch_inferred_from_point_order
NIST-MATDB-6077f48427dfa5fd3f8b6a40b13473a3,MIL-101,,10.1002cite.201600051.Isotherm1,10.1002/cite.201600051,experimental,298.0,0.021682,bar,68.82,46.6854,mmol/g,0.84104,adsorption,,digitized_from_figure;branch_inferred_from_point_order
NIST-MATDB-6077f48427dfa5fd3f8b6a40b13473a3,MIL-101,,10.1002cite.201600051.Isotherm1,10.1002/cite.201600051,experimental,298.0,0.024183,bar,76.76,48.0758,mmol/g,0.86609,adsorption,,digitized_from_figure;branch_inferred_from_point_order
NIST-MATDB-6077f48427dfa5fd3f8b6a40b13473a3,MIL-101,,10.1002cite.201600051.Isotherm1,10.1002/cite.201600051,experimental,298.0,0.027159,bar,86.2,49.7733,mmol/g,0.89667,adsorption,,digitized_from_figure;branch_inferred_from_point_order
NIST-MATDB-6077f48427dfa5fd3f8b6a40b13473a3,MIL-101,,10.1002cite.201600051.Isotherm1,10.1002/cite.201600051,experimental,298.0,0.029991,bar,95.19,50.7665,mmol/g,0.91456,adsorption,,digitized_from_figure;branch_inferred_from_point_order
NIST-MATDB-6077f48427dfa5fd3f8b6a40b13473a3,MIL-101,,10.1002cite.201600051.Isotherm1,10.1002/cite.201600051,experimental,298.0,0.013013,bar,41.3,20.8584,mmol/g,0.37576,adsorption,,digitized_from_figure;branch_inferred_from_point_order
NIST-MATDB-6077f48427dfa5fd3f8b6a40b13473a3,MIL-101,,10.1002cite.201600051.Isotherm1,10.1002/cite.201600051,experimental,298.0,0.013052,bar,41.43,22.5032,mmol/g,0.4054,adsorption,,digitized_from_figure;branch_inferred_from_point_order
NIST-MATDB-6077f48427dfa5fd3f8b6a40b13473a3,MIL-101,,10.1002cite.201600051.Isotherm1,10.1002/cite.201600051,experimental,298.0,0.013223,bar,41.97,24.4333,mmol/g,0.44017,adsorption,,digitized_from_figure;branch_inferred_from_point_order
NIST-MATDB-6077f48427dfa5fd3f8b6a40b13473a3,MIL-101,,10.1002cite.201600051.Isotherm1,10.1002/cite.201600051,experimental,298.0,0.013264,bar,42.1,26.2391,mmol/g,0.4727,adsorption,,digitized_from_figure;branch_inferred_from_point_order
NIST-MATDB-6077f48427dfa5fd3f8b6a40b13473a3,MIL-101,,10.1002cite.201600051.Isotherm1,10.1002/cite.201600051,experimental,298.0,0.013268,bar,42.11,38.9534,mmol/g,0.70175,adsorption,,digitized_from_figure;branch_inferred_from_point_order
NIST-MATDB-6077f48427dfa5fd3f8b6a40b13473a3,MIL-101,,10.1002cite.201600051.Isotherm1,10.1002/cite.201600051,experimental,298.0,0.01327,bar,42.12,39.3295,mmol/g,0.70852,adsorption,,digitized_from_figure;branch_inferred_from_point_order
NIST-MATDB-6077f48427dfa5fd3f8b6a40b13473a3,MIL-101,,10.1002cite.201600051.Isotherm1,10.1002/cite.201600051,experimental,298.0,0.013309,bar,42.24,29.8604,mmol/g,0.53794,adsorption,,digitized_from_figure;branch_inferred_from_point_order
NIST-MATDB-6077f48427dfa5fd3f8b6a40b13473a3,MIL-101,,10.1002cite.201600051.Isotherm1,10.1002/cite.201600051,experimental,298.0,0.013329,bar,42.31,35.4979,mmol/g,0.63949,adsorption,,digitized_from_figure;branch_inferred_from_point_order
NIST-MATDB-6077f48427dfa5fd3f8b6a40b13473a3,MIL-101,,10.1002cite.201600051.Isotherm1,10.1002/cite.201600051,experimental,298.0,0.013333,bar,42.32,41.164,mmol/g,0.74157,adsorption,,digitized_from_figure;branch_inferred_from_point_order
NIST-MATDB-6077f48427dfa5fd3f8b6a40b13473a3,MIL-101,,10.1002cite.201600051.Isotherm1,10.1002/cite.201600051,experimental,298.0,0.013341,bar,42.35,42.3586,mmol/g,0.76309,adsorption,,digitized_from_figure;branch_inferred_from_point_order
NIST-MATDB-6077f48427dfa5fd3f8b6a40b13473a3,MIL-101,,10.1002cite.201600051.Isotherm1,10.1002/cite.201600051,experimental,298.0,0.013345,bar,42.36,42.4488,mmol/g,0.76472,adsorption,,digitized_from_figure;branch_inferred_from_point_order
NIST-MATDB-6077f48427dfa5fd3f8b6a40b13473a3,MIL-101,,10.1002cite.201600051.Isotherm1,10.1002/cite.201600051,experimental,298.0,0.013361,bar,42.41,42.7842,mmol/g,0.77076,adsorption,,digitized_from_figure;branch_inferred_from_point_order
NIST-MATDB-6077f48427dfa5fd3f8b6a40b13473a3,MIL-101,,10.1002cite.201600051.Isotherm1,10.1002/cite.201600051,experimental,298.0,0.013387,bar,42.49,43.1514,mmol/g,0.77737,adsorption,,digitized_from_figure;branch_inferred_from_point_order
NIST-MATDB-6077f48427dfa5fd3f8b6a40b13473a3,MIL-101,,10.1002cite.201600051.Isotherm1,10.1002/cite.201600051,experimental,298.0,0.014197,bar,45.06,45.1099,mmol/g,0.81265,adsorption,,digitized_from_figure;branch_inferred_from_point_order
NIST-MATDB-6077f48427dfa5fd3f8b6a40b13473a3,MIL-101,,10.1002cite.201600051.Isotherm1,10.1002/cite.201600051,experimental,298.0,0.015651,bar,49.68,46.4106,mmol/g,0.83609,adsorption,,digitized_from_figure;branch_inferred_from_point_order
NIST-MATDB-6077f48427dfa5fd3f8b6a40b13473a3,MIL-101,,10.1002cite.201600051.Isotherm1,10.1002/cite.201600051,experimental,298.0,0.01796,bar,57.01,47.7861,mmol/g,0.86087,adsorption,,digitized_from_figure;branch_inferred_from_point_order
NIST-MATDB-6077f48427dfa5fd3f8b6a40b13473a3,MIL-101,,10.1002cite.201600051.Isotherm1,10.1002/cite.201600051,experimental,298.0,0.019422,bar,61.65,48.5138,mmol/g,0.87398,adsorption,,digitized_from_figure;branch_inferred_from_point_order
NIST-MATDB-6077f48427dfa5fd3f8b6a40b13473a3,MIL-101,,10.1002cite.201600051.Isotherm1,10.1002/cite.201600051,experimental,298.0,0.022382,bar,71.04,49.502,mmol/g,0.89178,adsorption,,digitized_from_figure;branch_inferred_from_point_order
NIST-MATDB-6077f48427dfa5fd3f8b6a40b13473a3,MIL-101,,10.1002cite.201600051.Isotherm1,10.1002/cite.201600051,experimental,298.0,0.025365,bar,80.51,50.2462,mmol/g,0.90519,adsorption,,digitized_from_figure;branch_inferred_from_point_order
NIST-MATDB-991daf7313251e7e607e2bab2da57e33,CuBTC,,10.1007s1045001698470.Isotherm1,10.1007/s10450-016-9847-0,experimental,303.0,0.0,bar,0.0,0.00229,g/g,0.00229,adsorption,,digitized_from_figure;branch_inferred_from_point_order
NIST-MATDB-991daf7313251e7e607e2bab2da57e33,CuBTC,,10.1007s1045001698470.Isotherm1,10.1007/s10450-016-9847-0,experimental,303.0,0.000111,bar,0.26,0.01374,g/g,0.01374,adsorption,,digitized_from_figure;branch_inferred_from_point_order
NIST-MATDB-991daf7313251e7e607e2bab2da57e33,CuBTC,,10.1007s1045001698470.Isotherm1,10.1007/s10450-016-9847-0,experimental,303.0,0.000204,bar,0.48,0.021374,g/g,0.02137,adsorption,,digitized_from_figure;branch_inferred_from_point_order
NIST-MATDB-991daf7313251e7e607e2bab2da57e33,CuBTC,,10.1007s1045001698470.Isotherm1,10.1007/s10450-016-9847-0,experimental,303.0,0.000334,bar,0.79,0.029771,g/g,0.02977,adsorption,,digitized_from_figure;branch_inferred_from_point_order
NIST-MATDB-991daf7313251e7e607e2bab2da57e33,CuBTC,,10.1007s1045001698470.Isotherm1,10.1007/s10450-016-9847-0,experimental,303.0,0.004322,bar,10.19,0.291603,g/g,0.2916,adsorption,,digitized_from_figure;branch_inferred_from_point_order
NIST-MATDB-991daf7313251e7e607e2bab2da57e33,CuBTC,,10.1007s1045001698470.Isotherm1,10.1007/s10450-016-9847-0,experimental,303.0,0.008533,bar,20.11,0.439695,g/g,0.4397,adsorption,,digitized_from_figure;branch_inferred_from_point_order
NIST-MATDB-991daf7313251e7e607e2bab2da57e33,CuBTC,,10.1007s1045001698470.Isotherm1,10.1007/s10450-016-9847-0,experimental,303.0,0.01278,bar,30.12,0.498092,g/g,0.49809,adsorption,,digitized_from_figure;branch_inferred_from_point_order
NIST-MATDB-991daf7313251e7e607e2bab2da57e33,CuBTC,,10.1007s1045001698470.Isotherm1,10.1007/s10450-016-9847-0,experimental,303.0,0.017102,bar,40.31,0.51374,g/g,0.51374,adsorption,,digitized_from_figure;branch_inferred_from_point_order
NIST-MATDB-991daf7313251e7e607e2bab2da57e33,CuBTC,,10.1007s1045001698470.Isotherm1,10.1007/s10450-016-9847-0,experimental,303.0,0.025579,bar,60.29,0.546947,g/g,0.54695,adsorption,,digitized_from_figure;branch_inferred_from_point_order
NIST-MATDB-991daf7313251e7e607e2bab2da57e33,CuBTC,,10.1007s1045001698470.Isotherm1,10.1007/s10450-016-9847-0,experimental,303.0,0.034093,bar,80.36,0.570992,g/g,0.57099,adsorption,,digitized_from_figure;branch_inferred_from_point_order
NIST-MATDB-991daf7313251e7e607e2bab2da57e33,CuBTC,,10.1016j.egypro.2009.01.166.Isotherm6,10.1016/j.egypro.2009.01.166,experimental,298.0,0.002706,bar,8.59,2.56,wt%,0.0256,adsorption,,digitized_from_figure;branch_inferred_from_point_order
NIST-MATDB-991daf7313251e7e607e2bab2da57e33,CuBTC,,10.1016j.egypro.2009.01.166.Isotherm6,10.1016/j.egypro.2009.01.166,experimental,298.0,0.003495,bar,11.09,14.45,wt%,0.1445,adsorption,,digitized_from_figure;branch_inferred_from_point_order
NIST-MATDB-991daf7313251e7e607e2bab2da57e33,CuBTC,,10.1016j.egypro.2009.01.166.Isotherm6,10.1016/j.egypro.2009.01.166,experimental,298.0,0.004566,bar,14.49,22.15,wt%,0.2215,adsorption,,digitized_from_figure;branch_inferred_from_point_order
NIST-MATDB-991daf7313251e7e607e2bab2da57e33,CuBTC,,10.1016j.egypro.2009.01.166.Isotherm6,10.1016/j.egypro.2009.01.166,experimental,298.0,0.005411,bar,17.17,28.904,wt%,0.28904,adsorption,,digitized_from_figure;branch_inferred_from_point_order
NIST-MATDB-991daf7313251e7e607e2bab2da57e33,CuBTC,,10.1016j.egypro.2009.01.166.Isotherm6,10.1016/j.egypro.2009.01.166,experimental,298.0,0.006708,bar,21.29,34.036,wt%,0.34036,adsorption,,digitized_from_figure;branch_inferred_from_point_order
NIST-MATDB-991daf7313251e7e607e2bab2da57e33,CuBTC,,10.1016j.egypro.2009.01.166.Isotherm6,10.1016/j.egypro.2009.01.166,experimental,298.0,0.009921,bar,31.49,49.162,wt%,0.49162,adsorption,,digitized_from_figure;branch_inferred_from_point_order
NIST-MATDB-991daf7313251e7e607e2bab2da57e33,CuBTC,,10.1016j.egypro.2009.01.166.Isotherm6,10.1016/j.egypro.2009.01.166,experimental,298.0,0.012909,bar,40.97,52.398,wt%,0.52398,adsorption,,digitized_from_figure;branch_inferred_from_point_order
NIST-MATDB-991daf7313251e7e607e2bab2da57e33,CuBTC,,10.1016j.egypro.2009.01.166.Isotherm6,10.1016/j.egypro.2009.01.166,experimental,298.0,0.016234,bar,51.53,53.335,wt%,0.53335,adsorption,,digitized_from_figure;branch_inferred_from_point_order
NIST-MATDB-991daf7313251e7e607e2bab2da57e33,CuBTC,,10.1016j.egypro.2009.01.166.Isotherm6,10.1016/j.egypro.2009.01.166,experimental,298.0,0.019222,bar,61.01,54.678,wt%,0.54678,adsorption,,digitized_from_figure;branch_inferred_from_point_order
NIST-MATDB-991daf7313251e7e607e2bab2da57e33,CuBTC,,10.1016j.egypro.2009.01.166.Isotherm6,10.1016/j.egypro.2009.01.166,experimental,298.0,0.022548,bar,71.57,55.344,wt%,0.55344,adsorption,,digitized_from_figure;branch_inferred_from_point_order
NIST-MATDB-991daf7313251e7e607e2bab2da57e33,CuBTC,,10.1016j.egypro.2009.01.166.Isotherm6,10.1016/j.egypro.2009.01.166,experimental,298.0,0.025874,bar,82.13,58.308,wt%,0.58308,adsorption,,digitized_from_figure;branch_inferred_from_point_order
NIST-MATDB-991daf7313251e7e607e2bab2da57e33,CuBTC,,10.1016j.egypro.2009.01.166.Isotherm6,10.1016/j.egypro.2009.01.166,experimental,298.0,0.02903,bar,92.14,68.57,wt%,0.6857,adsorption,,digitized_from_figure;branch_inferred_from_point_order
NIST-MATDB-991daf7313251e7e607e2bab2da57e33,CuBTC,,10.1016j.egypro.2009.01.166.Isotherm6,10.1016/j.egypro.2009.01.166,experimental,298.0,0.031342,bar,99.48,74.915,wt%,0.74915,adsorption,,digitized_from_figure;branch_inferred_from_point_order
NIST-MATDB-991daf7313251e7e607e2bab2da57e33,CuBTC,,10.1016j.egypro.2009.01.166.Isotherm7,10.1016/j.egypro.2009.01.166,experimental,305.0,0.000958,bar,2.01,2.97,wt%,0.0297,adsorption,,digitized_from_figure;branch_inferred_from_point_order
NIST-MATDB-991daf7313251e7e607e2bab2da57e33,CuBTC,,10.1016j.egypro.2009.01.166.Isotherm7,10.1016/j.egypro.2009.01.166,experimental,305.0,0.001804,bar,3.79,4.455,wt%,0.04455,adsorption,,digitized_from_figure;branch_inferred_from_point_order
NIST-MATDB-991daf7313251e7e607e2bab2da57e33,CuBTC,,10.1016j.egypro.2009.01.166.Isotherm7,10.1016/j.egypro.2009.01.166,experimental,305.0,0.003439,bar,7.22,10.261,wt%,0.10261,adsorption,,digitized_from_figure;branch_inferred_from_point_order
NIST-MATDB-991daf7313251e7e607e2bab2da57e33,CuBTC,,10.1016j.egypro.2009.01.166.Isotherm7,10.1016/j.egypro.2009.01.166,experimental,305.0,0.005468,bar,11.48,19.985,wt%,0.19985,adsorption,,digitized_from_figure;branch_inferred_from_point_order
NIST-MATDB-991daf7313251e7e607e2bab2da57e33,CuBTC,,10.1016j.egypro.2009.01.166.Isotherm7,10.1016/j.egypro.2009.01.166,experimental,305.0,0.006088,bar,12.78,24.173,wt%,0.24173,adsorption,,digitized_from_figure;branch_inferred_from_point_order
NIST-MATDB-991daf7313251e7e607e2bab2da57e33,CuBTC,,10.1016j.egypro.2009.01.166.Isotherm7,10.1016/j.egypro.2009.01.166,experimental,305.0,0.007554,bar,15.86,27.412,wt%,0.27412,adsorption,,digitized_from_figure;branch_inferred_from_point_order
NIST-MATDB-991daf7313251e7e607e2bab2da57e33,CuBTC,,10.1016j.egypro.2009.01.166.Isotherm7,10.1016/j.egypro.2009.01.166,experimental,305.0,0.009414,bar,19.77,33.758,wt%,0.33758,adsorption,,digitized_from_figure;branch_inferred_from_point_order
NIST-MATDB-991daf7313251e7e607e2bab2da57e33,CuBTC,,10.1016j.egypro.2009.01.166.Isotherm7,10.1016/j.egypro.2009.01.166,experimental,305.0,0.0146,bar,30.66,38.339,wt%,0.38339,adsorption,,digitized_from_figure;branch_inferred_from_point_order
NIST-MATDB-991daf7313251e7e607e2bab2da57e33,CuBTC,,10.1016j.egypro.2009.01.166.Isotherm7,10.1016/j.egypro.2009.01.166,experimental,305.0,0.019053,bar,40.01,39.003,wt%,0.39003,adsorption,,digitized_from_figure;branch_inferred_from_point_order
NIST-MATDB-991daf7313251e7e607e2bab2da57e33,CuBTC,,10.1016j.egypro.2009.01.166.Isotherm7,10.1016/j.egypro.2009.01.166,experimental,305.0,0.023901,bar,50.19,40.206,wt%,0.40206,adsorption,,digitized_from_figure;branch_inferred_from_point_order
NIST-MATDB-991daf7313251e7e607e2bab2da57e33,CuBTC,,10.1016j.egypro.2009.01.166.Isotherm7,10.1016/j.egypro.2009.01.166,experimental,305.0,0.028636,bar,60.13,43.166,wt%,0.43166,adsorption,,digitized_from_figure;branch_inferred_from_point_order
NIST-MATDB-991daf7313251e7e607e2bab2da57e33,CuBTC,,10.1016j.egypro.2009.01.166.Isotherm7,10.1016/j.egypro.2009.01.166,experimental,305.0,0.033089,bar,69.48,51.262,wt%,0.51262,adsorption,,digitized_from_figure;branch_inferred_from_point_order
NIST-MATDB-991daf7313251e7e607e2bab2da57e33,CuBTC,,10.1016j.egypro.2009.01.166.Isotherm7,10.1016/j.egypro.2009.01.166,experimental,305.0,0.038106,bar,80.02,53.546,wt%,0.53546,adsorption,,digitized_from_figure;branch_inferred_from_point_order
NIST-MATDB-991daf7313251e7e607e2bab2da57e33,CuBTC,,10.1016j.egypro.2009.01.166.Isotherm7,10.1016/j.egypro.2009.01.166,experimental,305.0,0.043236,bar,90.79,63.126,wt%,0.63126,adsorption,,digitized_from_figure;branch_inferred_from_point_order
NIST-MATDB-991daf7313251e7e607e2bab2da57e33,CuBTC,,10.1016j.egypro.2009.01.166.Isotherm7,10.1016/j.egypro.2009.01.166,experimental,305.0,0.044081,bar,92.56,67.584,wt%,0.67584,adsorption,,digitized_from_figure;branch_inferred_from_point_order
NIST-MATDB-991daf7313251e7e607e2bab2da57e33,CuBTC,,10.1021Ie202325p.Isotherm1,10.1021/ie202325p,experimental,298.0,0.0,bar,0.0,0.0,mmol/g,0.0,adsorption,,digitized_from_figure;branch_inferred_from_point_order
NIST-MATDB-991daf7313251e7e607e2bab2da57e33,CuBTC,,10.1021Ie202325p.Isotherm1,10.1021/ie202325p,experimental,298.0,0.003538,bar,11.23,16.582,mmol/g,0.29872,adsorption,,digitized_from_figure;branch_inferred_from_point_order
NIST-MATDB-991daf7313251e7e607e2bab2da57e33,CuBTC,,10.1021Ie202325p.Isotherm1,10.1021/ie202325p,experimental,298.0,0.00652,bar,20.69,22.304,mmol/g,0.40181,adsorption,,digitized_from_figure;branch_inferred_from_point_order
NIST-MATDB-991daf7313251e7e607e2bab2da57e33,CuBTC,,10.1021Ie202325p.Isotherm1,10.1021/ie202325p,experimental,298.0,0.006599,bar,20.95,22.785,mmol/g,0.41047,adsorption,,digitized_from_figure;branch_inferred_from_point_order
NIST-MATDB-991daf7313251e7e607e2bab2da57e33,CuBTC,,10.1021Ie202325p.Isotherm1,10.1021/ie202325p,experimental,298.0,0.00964,bar,30.6,24.538,mmol/g,0.44205,adsorption,,digitized_from_figure;branch_inferred_from_point_order
NIST-MATDB-991daf7313251e7e607e2bab2da57e33,CuBTC,,10.1021Ie202325p.Isotherm1,10.1021/ie202325p,experimental,298.0,0.012682,bar,40.25,29.677,mmol/g,0.53463,adsorption,,digitized_from_figure;branch_inferred_from_point_order
NIST-MATDB-991daf7313251e7e607e2bab2da57e33,CuBTC,,10.1021Ie202325p.Isotherm1,10.1021/ie202325p,experimental,298.0,0.012722,bar,40.38,29.659,mmol/g,0.53431,adsorption,,digitized_from_figure;branch_inferred_from_point_order
NIST-MATDB-991daf7313251e7e607e2bab2da57e33,CuBTC,,10.1021Ie202325p.Isotherm1,10.1021/ie202325p,experimental,298.0,0.015743,bar,49.97,25.641,mmol/g,0.46192,adsorption,,digitized_from_figure;branch_inferred_from_point_order
NIST-MATDB-991daf7313251e7e607e2bab2da57e33,CuBTC,,10.1021Ie202325p.Isotherm1,10.1021/ie202325p,experimental,298.0,0.018764,bar,59.56,31.163,mmol/g,0.5614,adsorption,,digitized_from_figure;branch_inferred_from_point_order
NIST-MATDB-991daf7313251e7e607e2bab2da57e33,CuBTC,,10.1021Ie202325p.Isotherm1,10.1021/ie202325p,experimental,298.0,0.021905,bar,69.53,28.467,mmol/g,0.51283,adsorption,,digitized_from_figure;branch_inferred_from_point_order
NIST-MATDB-991daf7313251e7e607e2bab2da57e33,CuBTC,,10.1021Ie202325p.Isotherm1,10.1021/ie202325p,experimental,298.0,0.024886,bar,78.99,31.985,mmol/g,0.57621,adsorption,,digitized_from_figure;branch_inferred_from_point_order
NIST-MATDB-991daf7313251e7e607e2bab2da57e33,CuBTC,,10.1021Ie202325p.Isotherm1,10.1021/ie202325p,experimental,298.0,0.024906,bar,79.05,31.96,mmol/g,0.57576,adsorption,,digitized_from_figure;branch_inferred_from_point_order
NIST-MATDB-991daf7313251e7e607e2bab2da57e33,CuBTC,,10.1021Ie202325p.Isotherm1,10.1021/ie202325p,experimental,298.0,0.027967,bar,88.77,32.536,mmol/g,0.58614,adsorption,,digitized_from_figure;branch_inferred_from_point_order
NIST-MATDB-5ab0dbe0639729711750ef4b97715f0f,UiO-66,,10.1021Ie202325p.Isotherm3,10.1021/ie202325p,experimental,298.0,0.0,bar,0.0,0.0,mmol/g,0.0,adsorption,,digitized_from_figure;branch_inferred_from_point_order
NIST-MATDB-5ab0dbe0639729711750ef4b97715f0f,UiO-66,,10.1021Ie202325p.Isotherm3,10.1021/ie202325p,experimental,298.0,0.003491,bar,11.08,1.2684,mmol/g,0.02285,adsorption,,digitized_from_figure;branch_inferred_from_point_order
NIST-MATDB-5ab0dbe0639729711750ef4b97715f0f,UiO-66,,10.1021Ie202325p.Isotherm3,10.1021/ie202325p,experimental,298.0,0.00653,bar,20.73,3.4191,mmol/g,0.0616,adsorption,,digitized_from_figure;branch_inferred_from_point_order
NIST-MATDB-5ab0dbe0639729711750ef4b97715f0f,UiO-66,,10.1021Ie202325p.Isotherm3,10.1021/ie202325p,experimental,298.0,0.009715,bar,30.84,18.364,mmol/g,0.33083,adsorption,,digitized_from_figure;branch_inferred_from_point_order
NIST-MATDB-5ab0dbe0639729711750ef4b97715f0f,UiO-66,,10.1021Ie202325p.Isotherm3,10.1021/ie202325p,experimental,298.0,0.012776,bar,40.55,19.6048,mmol/g,0.35318,adsorption,,digitized_from_figure;branch_inferred_from_point_order
NIST-MATDB-5ab0dbe0639729711750ef4b97715f0f,UiO-66,,10.1021Ie202325p.Isotherm3,10.1021/ie202325p,experimental,298.0,0.01579,bar,50.12,20.239,mmol/g,0.36461,adsorption,,digitized_from_figure;branch_inferred_from_point_order
NIST-MATDB-5ab0dbe0639729711750ef4b97715f0f,UiO-66,,10.1021Ie202325p.Isotherm3,10.1021/ie202325p,experimental,298.0,0.018874,bar,59.91,20.7077,mmol/g,0.37305,adsorption,,digitized_from_figure;branch_inferred_from_point_order
NIST-MATDB-5ab0dbe0639729711750ef4b97715f0f,UiO-66,,10.1021Ie202325p.Isotherm3,10.1021/ie202325p,experimental,298.0,0.021866,bar,69.4,21.2316,mmol/g,0.38249,adsorption,,digitized_from_figure;branch_inferred_from_point_order
NIST-MATDB-5ab0dbe0639729711750ef4b97715f0f,UiO-66,,10.1021Ie202325p.Isotherm3,10.1021/ie202325p,experimental,298.0,0.024926,bar,79.12,21.5901,mmol/g,0.38895,adsorption,,digitized_from_figure;branch_inferred_from_point_order
NIST-MATDB-5ab0dbe0639729711750ef4b97715f0f,UiO-66,,10.1021Ie202325p.Isotherm3,10.1021/ie202325p,experimental,298.0,0.027966,bar,88.77,25.2298,mmol/g,0.45451,adsorption,,digitized_from_figure;branch_inferred_from_point_order
NIST-MATDB-b425ac967ceb23a458c5e6f13f9dee6b,UiO-66-NH2,,10.1021Ie202325p.Isotherm4,10.1021/ie202325p,experimental,298.0,0.0,bar,0.0,0.0,mmol/g,0.0,adsorption,,digitized_from_figure;branch_inferred_from_point_order
NIST-MATDB-b425ac967ceb23a458c5e6f13f9dee6b,UiO-66-NH2,,10.1021Ie202325p.Isotherm4,10.1021/ie202325p,experimental,298.0,0.001975,bar,6.27,3.8879,mmol/g,0.07004,adsorption,,digitized_from_figure;branch_inferred_from_point_order
NIST-MATDB-b425ac967ceb23a458c5e6f13f9dee6b,UiO-66-NH2,,10.1021Ie202325p.Isotherm4,10.1021/ie202325p,experimental,298.0,0.003518,bar,11.17,6.5349,mmol/g,0.11773,adsorption,,digitized_from_figure;branch_inferred_from_point_order
NIST-MATDB-b425ac967ceb23a458c5e6f13f9dee6b,UiO-66-NH2,,10.1021Ie202325p.Isotherm4,10.1021/ie202325p,experimental,298.0,0.005108,bar,16.21,10.9743,mmol/g,0.1977,adsorption,,digitized_from_figure;branch_inferred_from_point_order
NIST-MATDB-b425ac967ceb23a458c5e6f13f9dee6b,UiO-66-NH2,,10.1021Ie202325p.Isotherm4,10.1021/ie202325p,experimental,298.0,0.006676,bar,21.19,16.3511,mmol/g,0.29457,adsorption,,digitized_from_figure;branch_inferred_from_point_order
NIST-MATDB-b425ac967ceb23a458c5e6f13f9dee6b,UiO-66-NH2,,10.1021Ie202325p.Isotherm4,10.1021/ie202325p,experimental,298.0,0.008083,bar,25.66,18.1158,mmol/g,0.32636,adsorption,,digitized_from_figure;branch_inferred_from_point_order
NIST-MATDB-b425ac967ceb23a458c5e6f13f9dee6b,UiO-66-NH2,,10.1021Ie202325p.Isotherm4,10.1021/ie202325p,experimental,298.0,0.009647,bar,30.62,18.8879,mmol/g,0.34027,adsorption,,digitized_from_figure;branch_inferred_from_point_order
NIST-MATDB-b425ac967ceb23a458c5e6f13f9dee6b,UiO-66-NH2,,10.1021Ie202325p.Isotherm4,10.1021/ie202325p,experimental,298.0,0.012708,bar,40.34,19.6875,mmol/g,0.35467,adsorption,,digitized_from_figure;branch_inferred_from_point_order
NIST-MATDB-b425ac967ceb23a458c5e6f13f9dee6b,UiO-66-NH2,,10.1021Ie202325p.Isotherm4,10.1021/ie202325p,experimental,298.0,0.015723,bar,49.91,20.2114,mmol/g,0.36411,adsorption,,digitized_from_figure;branch_inferred_from_point_order
NIST-MATDB-b425ac967ceb23a458c5e6f13f9dee6b,UiO-66-NH2,,10.1021Ie202325p.Isotherm4,10.1021/ie202325p,experimental,298.0,0.018783,bar,59.62,20.7629,mmol/g,0.37404,adsorption,,digitized_from_figure;branch_inferred_from_point_order
NIST-MATDB-b425ac967ceb23a458c5e6f13f9dee6b,UiO-66-NH2,,10.1021Ie202325p.Isotherm4,10.1021/ie202325p,experimental,298.0,0.021911,bar,69.55,21.204,mmol/g,0.38199,adsorption,,digitized_from_figure;branch_inferred_from_point_order
NIST-MATDB-b425ac967ceb23a458c5e6f13f9dee6b,UiO-66-NH2,,10.1021Ie202325p.Isotherm4,10.1021/ie202325p,experimental,298.0,0.024926,bar,79.12,21.5901,mmol/g,0.38895,adsorption,,digitized_from_figure;branch_inferred_from_point_order
NIST-MATDB-b425ac967ceb23a458c5e6f13f9dee6b,UiO-66-NH2,,10.1021Ie202325p.Isotherm4,10.1021/ie202325p,experimental,298.0,0.027986,bar,88.83,21.9485,mmol/g,0.3954,adsorption,,digitized_from_figure;branch_inferred_from_point_order
NIST-MATDB-bb2eb3bdcf42c2df897332bd449f4b88,DMOF-1,,10.1021Ie202325p.Isotherm5,10.1021/ie202325p,experimental,298.0,0.0,bar,0.0,0.0,mmol/g,0.0,adsorption,,digitized_from_figure;branch_inferred_from_point_order
NIST-MATDB-bb2eb3bdcf42c2df897332bd449f4b88,DMOF-1,,10.1021Ie202325p.Isotherm5,10.1021/ie202325p,experimental,298.0,0.003332,bar,10.58,0.1103,mmol/g,0.00199,adsorption,,digitized_from_figure;branch_inferred_from_point_order
NIST-MATDB-bb2eb3bdcf42c2df897332bd449f4b88,DMOF-1,,10.1021Ie202325p.Isotherm5,10.1021/ie202325p,experimental,298.0,0.006414,bar,20.36,0.193,mmol/g,0.00348,adsorption,,digitized_from_figure;branch_inferred_from_point_order
NIST-MATDB-bb2eb3bdcf42c2df897332bd449f4b88,DMOF-1,,10.1021Ie202325p.Isotherm5,10.1021/ie202325p,experimental,298.0,0.009499,bar,30.15,3.4191,mmol/g,0.0616,adsorption,,digitized_from_figure;branch_inferred_from_point_order
NIST-MATDB-bb2eb3bdcf42c2df897332bd449f4b88,DMOF-1,,10.1021Ie202325p.Isotherm5,10.1021/ie202325p,experimental,298.0,0.012628,bar,40.08,4.7426,mmol/g,0.08544,adsorption,,digitized_from_figure;branch_inferred_from_point_order
NIST-MATDB-bb2eb3bdcf42c2df897332bd449f4b88,DMOF-1,,10.1021Ie202325p.Isotherm5,10.1021/ie202325p,experimental,298.0,0.018814,bar,59.72,2.4265,mmol/g,0.04371,adsorption,,digitized_from_figure;branch_inferred_from_point_order
NIST-MATDB-bb2eb3bdcf42c2df897332bd449f4b88,DMOF-1,,10.1021Ie202325p.Isotherm5,10.1021/ie202325p,experimental,298.0,0.02507,bar,79.57,2.4816,mmol/g,0.04471,adsorption,,digitized_from_figure;branch_inferred_from_point_order
NIST-MATDB-bb2eb3bdcf42c2df897332bd449f4b88,DMOF-1,,10.1021Ie202325p.Isotherm5,10.1021/ie202325p,experimental,298.0,0.02813,bar,89.29,2.5643,mmol/g,0.0462,adsorption,,digitized_from_figure;branch_inferred_from_point_order
NIST-MATDB-dc6ca373e94306ed311a0cdae4c78ec8,Aluminum fumarate,,10.1021acs.iecr.5b03509.Isotherm6,10.1021/acs.iecr.5b03509,experimental,288.0,6.1e-05,bar,0.37,0.1966,mmol/g,0.00354,adsorption,,digitized_from_figure;branch_inferred_from_point_order
NIST-MATDB-dc6ca373e94306ed311a0cdae4c78ec8,Aluminum fumarate,,10.1021acs.iecr.5b03509.Isotherm6,10.1021/acs.iecr.5b03509,experimental,288.0,0.000349,bar,2.09,0.5897,mmol/g,0.01062,adsorption,,digitized_from_figure;branch_inferred_from_point_order
NIST-MATDB-dc6ca373e94306ed311a0cdae4c78ec8,Aluminum fumarate,,10.1021acs.iecr.5b03509.Isotherm6,10.1021/acs.iecr.5b03509,experimental,288.0,0.000701,bar,4.2,1.4298,mmol/g,0.02576,adsorption,,digitized_from_figure;branch_inferred_from_point_order
NIST-MATDB-dc6ca373e94306ed311a0cdae4c78ec8,Aluminum fumarate,,10.1021acs.iecr.5b03509.Isotherm6,10.1021/acs.iecr.5b03509,experimental,288.0,0.001677,bar,10.05,2.2324,mmol/g,0.04022,adsorption,,digitized_from_figure;branch_inferred_from_point_order
NIST-MATDB-dc6ca373e94306ed311a0cdae4c78ec8,Aluminum fumarate,,10.1021acs.iecr.5b03509.Isotherm6,10.1021/acs.iecr.5b03509,experimental,288.0,0.001689,bar,10.12,2.2451,mmol/g,0.04045,adsorption,,digitized_from_figure;branch_inferred_from_point_order
NIST-MATDB-dc6ca373e94306ed311a0cdae4c78ec8,Aluminum fumarate,,10.1021acs.iecr.5b03509.Isotherm6,10.1021/acs.iecr.5b03509,experimental,288.0,0.003151,bar,18.88,4.2581,mmol/g,0.07671,adsorption,,digitized_from_figure;branch_inferred_from_point_order
NIST-MATDB-dc6ca373e94306ed311a0cdae4c78ec8,Aluminum fumarate,,10.1021acs.iecr.5b03509.Isotherm6,10.1021/acs.iecr.5b03509,experimental,288.0,0.003206,bar,19.21,4.2834,mmol/g,0.07717,adsorption,,digitized_from_figure;branch_inferred_from_point_order
NIST-MATDB-dc6ca373e94306ed311a0cdae4c78ec8,Aluminum fumarate,,10.1021acs.iecr.5b03509.Isotherm6,10.1021/acs.iecr.5b03509,experimental,288.0,0.00351,bar,21.03,5.0206,mmol/g,0.09045,adsorption,,digitized_from_figure;branch_inferred_from_point_order
NIST-MATDB-dc6ca373e94306ed311a0cdae4c78ec8,Aluminum fumarate,,10.1021acs.iecr.5b03509.Isotherm6,10.1021/acs.iecr.5b03509,experimental,288.0,0.004003,bar,23.98,8.8411,mmol/g,0.15927,adsorption,,digitized_from_figure;branch_inferred_from_point_order
NIST-MATDB-dc6ca373e94306ed311a0cdae4c78ec8,Aluminum fumarate,,10.1021acs.iecr.5b03509.Isotherm6,10.1021/acs.iecr.5b03509,experimental,288.0,0.004195,bar,25.13,5.7947,mmol/g,0.10439,adsorption,,digitized_from_figure;branch_inferred_from_point_order
NIST-MATDB-dc6ca373e94306ed311a0cdae4c78ec8,Aluminum fumarate,,10.1021acs.iecr.5b03509.Isotherm6,10.1021/acs.iecr.5b03509,experimental,288.0,0.004206,bar,25.2,6.5116,mmol/g,0.11731,adsorption,,digitized_from_figure;branch_inferred_from_point_order
NIST-MATDB-dc6ca373e94306ed311a0cdae4c78ec8,Aluminum fumarate,,10.1021acs.iecr.5b03509.Isotherm6,10.1021/acs.iecr.5b03509,experimental,288.0,0.004241,bar,25.41,16.817,mmol/g,0.30296,adsorption,,digitized_from_figure;branch_inferred_from_point_order
NIST-MATDB-dc6ca373e94306ed311a0cdae4c78ec8,Aluminum fumarate,,10.1021acs.iecr.5b03509.Isotherm6,10.1021/acs.iecr.5b03509,experimental,288.0,0.004588,bar,27.49,18.7181,mmol/g,0.33721,adsorption,,digitized_from_figure;branch_inferred_from_point_order
NIST-MATDB-dc6ca373e94306ed311a0cdae4c78ec8,Aluminum fumarate,,10.1021acs.iecr.5b03509.Isotherm6,10.1021/acs.iecr.5b03509,experimental,288.0,0.00466,bar,27.92,10.8134,mmol/g,0.1948,adsorption,,digitized_from_figure;branch_inferred_from_point_order
NIST-MATDB-dc6ca373e94306ed311a0cdae4c78ec8,Aluminum fumarate,,10.1021acs.iecr.5b03509.Isotherm6,10.1021/acs.iecr.5b03509,experimental,288.0,0.00502,bar,30.07,15.7906,mmol/g,0.28447,adsorption,,digitized_from_figure;branch_inferred_from_point_order
NIST-MATDB-dc6ca373e94306ed311a0cdae4c78ec8,Aluminum fumarate,,10.1021acs.iecr.5b03509.Isotherm6,10.1021/acs.iecr.5b03509,experimental,288.0,0.005311,bar,31.82,16.8215,mmol/g,0.30304,adsorption,,digitized_from_figure;branch_inferred_from_point_order
NIST-MATDB-dc6ca373e94306ed311a0cdae4c78ec8,Aluminum fumarate,,10.1021acs.iecr.5b03509.Isotherm6,10.1021/acs.iecr.5b03509,experimental,288.0,0.0055,bar,32.95,21.3339,mmol/g,0.38433,adsorption,,digitized_from_figure;branch_inferred_from_point_order
NIST-MATDB-dc6ca373e94306ed311a0cdae4c78ec8,Aluminum fumarate,,10.1021acs.iecr.5b03509.Isotherm6,10.1021/acs.iecr.5b03509,experimental,288.0,0.00623,bar,37.32,18.8769,mmol/g,0.34007,adsorption,,digitized_from_figure;branch_inferred_from_point_order
NIST-MATDB-dc6ca373e94306ed311a0cdae4c78ec8,Aluminum fumarate,,10.1021acs.iecr.5b03509.Isotherm6,10.1021/acs.iecr.5b03509,experimental,288.0,0.006997,bar,41.92,22.1128,mmol/g,0.39836,adsorption,,digitized_from_figure;branch_inferred_from_point_order
NIST-MATDB-dc6ca373e94306ed311a0cdae4c78ec8,Aluminum fumarate,,10.1021acs.iecr.5b03509.Isotherm6,10.1021/acs.iecr.5b03509,experimental,288.0,0.007914,bar,47.41,20.0788,mmol/g,0.36172,adsorption,,digitized_from_figure;branch_inferred_from_point_order
NIST-MATDB-dc6ca373e94306ed311a0cdae4c78ec8,Aluminum fumarate,,10.1021acs.iecr.5b03509.Isotherm6,10.1021/acs.iecr.5b03509,experimental,288.0,0.008676,bar,51.98,23.0107,mmol/g,0.41454,adsorption,,digitized_from_figure;branch_inferred_from_point_order
NIST-MATDB-dc6ca373e94306ed311a0cdae4c78ec8,Aluminum fumarate,,10.1021acs.iecr.5b03509.Isotherm6,10.1021/acs.iecr.5b03509,experimental,288.0,0.009795,bar,58.68,23.3192,mmol/g,0.4201,adsorption,,digitized_from_figure;branch_inferred_from_point_order
NIST-MATDB-dc6ca373e94306ed311a0cdae4c78ec8,Aluminum fumarate,,10.1021acs.iecr.5b03509.Isotherm6,10.1021/acs.iecr.5b03509,experimental,288.0,0.010544,bar,63.17,23.7951,mmol/g,0.42867,adsorption,,digitized_from_figure;branch_inferred_from_point_order
NIST-MATDB-dc6ca373e94306ed311a0cdae4c78ec8,Aluminum fumarate,,10.1021acs.iecr.5b03509.Isotherm6,10.1021/acs.iecr.5b03509,experimental,288.0,0.010894,bar,65.26,21.0525,mmol/g,0.37926,adsorption,,digitized_from_figure;branch_inferred_from_point_order
NIST-MATDB-dc6ca373e94306ed311a0cdae4c78ec8,Aluminum fumarate,,10.1021acs.iecr.5b03509.Isotherm6,10.1021/acs.iecr.5b03509,experimental,288.0,0.011496,bar,68.87,24.1038,mmol/g,0.43423,adsorption,,digitized_from_figure;branch_inferred_from_point_order
NIST-MATDB-dc6ca373e94306ed311a0cdae4c78ec8,Aluminum fumarate,,10.1021acs.iecr.5b03509.Isotherm6,10.1021/acs.iecr.5b03509,experimental,288.0,0.012116,bar,72.58,22.2311,mmol/g,0.40049,adsorption,,digitized_from_figure;branch_inferred_from_point_order
NIST-MATDB-dc6ca373e94306ed311a0cdae4c78ec8,Aluminum fumarate,,10.1021acs.iecr.5b03509.Isotherm6,10.1021/acs.iecr.5b03509,experimental,288.0,0.013742,bar,82.32,22.8907,mmol/g,0.41238,adsorption,,digitized_from_figure;branch_inferred_from_point_order
NIST-MATDB-dc6ca373e94306ed311a0cdae4c78ec8,Aluminum fumarate,,10.1021acs.iecr.5b03509.Isotherm6,10.1021/acs.iecr.5b03509,experimental,288.0,0.014011,bar,83.94,23.9754,mmol/g,0.43192,adsorption,,digitized_from_figure;branch_inferred_from_point_order
NIST-MATDB-dc6ca373e94306ed311a0cdae4c78ec8,Aluminum fumarate,,10.1021acs.iecr.5b03509.Isotherm6,10.1021/acs.iecr.5b03509,experimental,288.0,0.014076,bar,84.33,23.6771,mmol/g,0.42654,adsorption,,digitized_from_figure;branch_inferred_from_point_order
NIST-MATDB-dc6ca373e94306ed311a0cdae4c78ec8,Aluminum fumarate,,10.1021acs.iecr.5b03509.Isotherm6,10.1021/acs.iecr.5b03509,experimental,288.0,0.014551,bar,87.17,24.5289,mmol/g,0.44189,adsorption,,digitized_from_figure;branch_inferred_from_point_order
NIST-MATDB-dc6ca373e94306ed311a0cdae4c78ec8,Aluminum fumarate,,10.1021acs.iecr.5b03509.Isotherm6,10.1021/acs.iecr.5b03509,experimental,288.0,0.014593,bar,87.42,24.7515,mmol/g,0.4459,adsorption,,digitized_from_figure;branch_inferred_from_point_order
NIST-MATDB-dc6ca373e94306ed311a0cdae4c78ec8,Aluminum fumarate,,10.1021acs.iecr.5b03509.Isotherm6,10.1021/acs.iecr.5b03509,experimental,288.0,0.014804,bar,88.69,25.536,mmol/g,0.46003,adsorption,,digitized_from_figure;branch_inferred_from_point_order
NIST-MATDB-dc6ca373e94306ed311a0cdae4c78ec8,Aluminum fumarate,,10.1021acs.iecr.5b03509.Isotherm7,10.1021/acs.iecr.5b03509,experimental,313.0,0.000384,bar,0.52,0.31,mmol/g,0.00558,adsorption,,digitized_from_figure;branch_inferred_from_point_order
NIST-MATDB-dc6ca373e94306ed311a0cdae4c78ec8,Aluminum fumarate,,10.1021acs.iecr.5b03509.Isotherm7,10.1021/acs.iecr.5b03509,experimental,313.0,0.001267,bar,1.71,0.8574,mmol/g,0.01545,adsorption,,digitized_from_figure;branch_inferred_from_point_order
NIST-MATDB-dc6ca373e94306ed311a0cdae4c78ec8,Aluminum fumarate,,10.1021acs.iecr.5b03509.Isotherm7,10.1021/acs.iecr.5b03509,experimental,313.0,0.002562,bar,3.45,1.4733,mmol/g,0.02654,adsorption,,digitized_from_figure;branch_inferred_from_point_order
NIST-MATDB-dc6ca373e94306ed311a0cdae4c78ec8,Aluminum fumarate,,10.1021acs.iecr.5b03509.Isotherm7,10.1021/acs.iecr.5b03509,experimental,313.0,0.005932,bar,7.99,1.8716,mmol/g,0.03372,adsorption,,digitized_from_figure;branch_inferred_from_point_order
NIST-MATDB-dc6ca373e94306ed311a0cdae4c78ec8,Aluminum fumarate,,10.1021acs.iecr.5b03509.Isotherm7,10.1021/acs.iecr.5b03509,experimental,313.0,0.009504,bar,12.81,2.4309,mmol/g,0.04379,adsorption,,digitized_from_figure;branch_inferred_from_point_order
NIST-MATDB-dc6ca373e94306ed311a0cdae4c78ec8,Aluminum fumarate,,10.1021acs.iecr.5b03509.Isotherm7,10.1021/acs.iecr.5b03509,experimental,313.0,0.012477,bar,16.81,2.942,mmol/g,0.053,adsorption,,digitized_from_figure;branch_inferred_from_point_order
NIST-MATDB-dc6ca373e94306ed311a0cdae4c78ec8,Aluminum fumarate,,10.1021acs.iecr.5b03509.Isotherm7,10.1021/acs.iecr.5b03509,experimental,313.0,0.015179,bar,20.45,3.4812,mmol/g,0.06271,adsorption,,digitized_from_figure;branch_inferred_from_point_order
NIST-MATDB-dc6ca373e94306ed311a0cdae4c78ec8,Aluminum fumarate,,10.1021acs.iecr.5b03509.Isotherm7,10.1021/acs.iecr.5b03509,experimental,313.0,0.017009,bar,22.92,4.6647,mmol/g,0.08403,adsorption,,digitized_from_figure;branch_inferred_from_point_order
NIST-MATDB-dc6ca373e94306ed311a0cdae4c78ec8,Aluminum fumarate,,10.1021acs.iecr.5b03509.Isotherm7,10.1021/acs.iecr.5b03509,experimental,313.0,0.020319,bar,27.38,10.2804,mmol/g,0.1852,adsorption,,digitized_from_figure;branch_inferred_from_point_order
NIST-MATDB-dc6ca373e94306ed311a0cdae4c78ec8,Aluminum fumarate,,10.1021acs.iecr.5b03509.Isotherm7,10.1021/acs.iecr.5b03509,experimental,313.0,0.023431,bar,31.57,16.0894,mmol/g,0.28985,adsorption,,digitized_from_figure;branch_inferred_from_point_order
NIST-MATDB-dc6ca373e94306ed311a0cdae4c78ec8,Aluminum fumarate,,10.1021acs.iecr.5b03509.Isotherm7,10.1021/acs.iecr.5b03509,experimental,313.0,0.028803,bar,38.81,19.2371,mmol/g,0.34656,adsorption,,digitized_from_figure;branch_inferred_from_point_order
NIST-MATDB-dc6ca373e94306ed311a0cdae4c78ec8,Aluminum fumarate,,10.1021acs.iecr.5b03509.Isotherm8,10.1021/acs.iecr.5b03509,experimental,288.0,0.00034,bar,2.04,0.5071,mmol/g,0.00914,adsorption,,digitized_from_figure;branch_inferred_from_point_order
NIST-MATDB-dc6ca373e94306ed311a0cdae4c78ec8,Aluminum fumarate,,10.1021acs.iecr.5b03509.Isotherm8,10.1021/acs.iecr.5b03509,experimental,288.0,0.000727,bar,4.36,1.3645,mmol/g,0.02458,adsorption,,digitized_from_figure;branch_inferred_from_point_order
NIST-MATDB-dc6ca373e94306ed311a0cdae4c78ec8,Aluminum fumarate,,10.1021acs.iecr.5b03509.Isotherm8,10.1021/acs.iecr.5b03509,experimental,288.0,0.001655,bar,9.91,2.1694,mmol/g,0.03908,adsorption,,digitized_from_figure;branch_inferred_from_point_order
NIST-MATDB-dc6ca373e94306ed311a0cdae4c78ec8,Aluminum fumarate,,10.1021acs.iecr.5b03509.Isotherm8,10.1021/acs.iecr.5b03509,experimental,288.0,0.003195,bar,19.14,3.1271,mmol/g,0.05633,adsorption,,digitized_from_figure;branch_inferred_from_point_order
NIST-MATDB-dc6ca373e94306ed311a0cdae4c78ec8,Aluminum fumarate,,10.1021acs.iecr.5b03509.Isotherm8,10.1021/acs.iecr.5b03509,experimental,288.0,0.004216,bar,25.26,5.7113,mmol/g,0.10289,adsorption,,digitized_from_figure;branch_inferred_from_point_order
NIST-MATDB-dc6ca373e94306ed311a0cdae4c78ec8,Aluminum fumarate,,10.1021acs.iecr.5b03509.Isotherm8,10.1021/acs.iecr.5b03509,experimental,288.0,0.004664,bar,27.94,10.7514,mmol/g,0.19369,adsorption,,digitized_from_figure;branch_inferred_from_point_order
NIST-MATDB-dc6ca373e94306ed311a0cdae4c78ec8,Aluminum fumarate,,10.1021acs.iecr.5b03509.Isotherm8,10.1021/acs.iecr.5b03509,experimental,288.0,0.005033,bar,30.15,15.7513,mmol/g,0.28376,adsorption,,digitized_from_figure;branch_inferred_from_point_order
NIST-MATDB-dc6ca373e94306ed311a0cdae4c78ec8,Aluminum fumarate,,10.1021acs.iecr.5b03509.Isotherm8,10.1021/acs.iecr.5b03509,experimental,288.0,0.005303,bar,31.77,16.7979,mmol/g,0.30261,adsorption,,digitized_from_figure;branch_inferred_from_point_order
NIST-MATDB-dc6ca373e94306ed311a0cdae4c78ec8,Aluminum fumarate,,10.1021acs.iecr.5b03509.Isotherm8,10.1021/acs.iecr.5b03509,experimental,288.0,0.006237,bar,37.36,18.8588,mmol/g,0.33974,adsorption,,digitized_from_figure;branch_inferred_from_point_order
NIST-MATDB-dc6ca373e94306ed311a0cdae4c78ec8,Aluminum fumarate,,10.1021acs.iecr.5b03509.Isotherm8,10.1021/acs.iecr.5b03509,experimental,288.0,0.007931,bar,47.51,20.0499,mmol/g,0.3612,adsorption,,digitized_from_figure;branch_inferred_from_point_order
NIST-MATDB-dc6ca373e94306ed311a0cdae4c78ec8,Aluminum fumarate,,10.1021acs.iecr.5b03509.Isotherm8,10.1021/acs.iecr.5b03509,experimental,288.0,0.010905,bar,65.33,21.0394,mmol/g,0.37902,adsorption,,digitized_from_figure;branch_inferred_from_point_order
NIST-MATDB-dc6ca373e94306ed311a0cdae4c78ec8,Aluminum fumarate,,10.1021acs.iecr.5b03509.Isotherm8,10.1021/acs.iecr.5b03509,experimental,288.0,0.012128,bar,72.66,22.1783,mmol/g,0.39954,adsorption,,digitized_from_figure;branch_inferred_from_point_order
NIST-MATDB-dc6ca373e94306ed311a0cdae4c78ec8,Aluminum fumarate,,10.1021acs.iecr.5b03509.Isotherm8,10.1021/acs.iecr.5b03509,experimental,288.0,0.013728,bar,82.24,22.8541,mmol/g,0.41172,adsorption,,digitized_from_figure;branch_inferred_from_point_order
NIST-MATDB-dc6ca373e94306ed311a0cdae4c78ec8,Aluminum fumarate,,10.1021acs.iecr.5b03509.Isotherm8,10.1021/acs.iecr.5b03509,experimental,288.0,0.014054,bar,84.19,23.6471,mmol/g,0.426,adsorption,,digitized_from_figure;branch_inferred_from_point_order
NIST-MATDB-dc6ca373e94306ed311a0cdae4c78ec8,Aluminum fumarate,,10.1021acs.iecr.5b03509.Isotherm8,10.1021/acs.iecr.5b03509,experimental,288.0,0.014546,bar,87.14,24.5407,mmol/g,0.4421,adsorption,,digitized_from_figure;branch_inferred_from_point_order
NIST-MATDB-dc6ca373e94306ed311a0cdae4c78ec8,Aluminum fumarate,,10.1021acs.iecr.5b03509.Isotherm8,10.1021/acs.iecr.5b03509,experimental,288.0,0.014569,bar,87.28,24.5953,mmol/g,0.44308,adsorption,,digitized_from_figure;branch_inferred_from_point_order
NIST-MATDB-9ab18a5aa1db0a6827d18e1707055261,Ni-DOBDC,,10.1021acs.iecr.5b04739.Isotherm1,10.1021/acs.iecr.5b04739,experimental,298.0,0.001618,bar,5.14,16.3375,wt%,0.16337,adsorption,,digitized_from_figure;branch_inferred_from_point_order;branch_uncertain_high_reversal
NIST-MATDB-9ab18a5aa1db0a6827d18e1707055261,Ni-DOBDC,,10.1021acs.iecr.5b04739.Isotherm1,10.1021/acs.iecr.5b04739,experimental,298.0,0.0023,bar,7.3,32.1005,wt%,0.321,adsorption,,digitized_from_figure;branch_inferred_from_point_order;branch_uncertain_high_reversal
NIST-MATDB-9ab18a5aa1db0a6827d18e1707055261,Ni-DOBDC,,10.1021acs.iecr.5b04739.Isotherm1,10.1021/acs.iecr.5b04739,experimental,298.0,0.003156,bar,10.02,35.4758,wt%,0.35476,adsorption,,digitized_from_figure;branch_inferred_from_point_order;branch_uncertain_high_reversal
NIST-MATDB-9ab18a5aa1db0a6827d18e1707055261,Ni-DOBDC,,10.1021acs.iecr.5b04739.Isotherm1,10.1021/acs.iecr.5b04739,experimental,298.0,0.006249,bar,19.83,39.6768,wt%,0.39677,adsorption,,digitized_from_figure;branch_inferred_from_point_order;branch_uncertain_high_reversal
NIST-MATDB-9ab18a5aa1db0a6827d18e1707055261,Ni-DOBDC,,10.1021acs.iecr.5b04739.Isotherm1,10.1021/acs.iecr.5b04739,experimental,298.0,0.009404,bar,29.85,41.939,wt%,0.41939,adsorption,,digitized_from_figure;branch_inferred_from_point_order;branch_uncertain_high_reversal
NIST-MATDB-9ab18a5aa1db0a6827d18e1707055261,Ni-DOBDC,,10.1021acs.iecr.5b04739.Isotherm1,10.1021/acs.iecr.5b04739,experimental,298.0,0.01256,bar,39.87,43.3752,wt%,0.43375,adsorption,,digitized_from_figure;branch_inferred_from_point_order;branch_uncertain_high_reversal
NIST-MATDB-9ab18a5aa1db0a6827d18e1707055261,Ni-DOBDC,,10.1021acs.iecr.5b04739.Isotherm1,10.1021/acs.iecr.5b04739,experimental,298.0,1.57482,bar,100.0,44.632,wt%,0.44632,adsorption,,digitized_from_figure;branch_inferred_from_point_order;branch_uncertain_high_reversal;rh_exceeds_100pct_flagged
NIST-MATDB-9ab18a5aa1db0a6827d18e1707055261,Ni-DOBDC,,10.1021acs.iecr.5b04739.Isotherm1,10.1021/acs.iecr.5b04739,experimental,298.0,0.018841,bar,59.8,45.4219,wt%,0.45422,adsorption,,digitized_from_figure;branch_inferred_from_point_order;branch_uncertain_high_reversal
NIST-MATDB-9ab18a5aa1db0a6827d18e1707055261,Ni-DOBDC,,10.1021acs.iecr.5b04739.Isotherm1,10.1021/acs.iecr.5b04739,experimental,298.0,0.021981,bar,69.77,46.8582,wt%,0.46858,adsorption,,digitized_from_figure;branch_inferred_from_point_order;branch_uncertain_high_reversal
NIST-MATDB-9ab18a5aa1db0a6827d18e1707055261,Ni-DOBDC,,10.1021acs.iecr.5b04739.Isotherm1,10.1021/acs.iecr.5b04739,experimental,298.0,0.028277,bar,89.75,48.5817,wt%,0.48582,adsorption,,digitized_from_figure;branch_inferred_from_point_order;branch_uncertain_high_reversal
NIST-MATDB-9ab18a5aa1db0a6827d18e1707055261,Ni-DOBDC,,10.1021acs.iecr.5b04739.Isotherm1,10.1021/acs.iecr.5b04739,experimental,298.0,0.029847,bar,94.74,49.7307,wt%,0.49731,adsorption,,digitized_from_figure;branch_inferred_from_point_order;branch_uncertain_high_reversal
NIST-MATDB-9ab18a5aa1db0a6827d18e1707055261,Ni-DOBDC,,10.1021acs.iecr.5b04739.Isotherm1,10.1021/acs.iecr.5b04739,experimental,298.0,0.025216,bar,80.04,48.3662,wt%,0.48366,adsorption,,digitized_from_figure;branch_inferred_from_point_order;branch_uncertain_high_reversal
NIST-MATDB-9ab18a5aa1db0a6827d18e1707055261,Ni-DOBDC,,10.1021acs.iecr.5b04739.Isotherm1,10.1021/acs.iecr.5b04739,experimental,298.0,0.022076,bar,70.07,47.6481,wt%,0.47648,adsorption,,digitized_from_figure;branch_inferred_from_point_order;branch_uncertain_high_reversal
NIST-MATDB-9ab18a5aa1db0a6827d18e1707055261,Ni-DOBDC,,10.1021acs.iecr.5b04739.Isotherm1,10.1021/acs.iecr.5b04739,experimental,298.0,0.015701,bar,49.84,45.4219,wt%,0.45422,adsorption,,digitized_from_figure;branch_inferred_from_point_order;branch_uncertain_high_reversal
NIST-MATDB-9ab18a5aa1db0a6827d18e1707055261,Ni-DOBDC,,10.1021acs.iecr.5b04739.Isotherm1,10.1021/acs.iecr.5b04739,experimental,298.0,0.01256,bar,39.87,44.0574,wt%,0.44057,adsorption,,digitized_from_figure;branch_inferred_from_point_order;branch_uncertain_high_reversal
NIST-MATDB-9ab18a5aa1db0a6827d18e1707055261,Ni-DOBDC,,10.1021acs.iecr.5b04739.Isotherm1,10.1021/acs.iecr.5b04739,experimental,298.0,0.009484,bar,30.1,42.5494,wt%,0.42549,adsorption,,digitized_from_figure;branch_inferred_from_point_order;branch_uncertain_high_reversal
NIST-MATDB-9ab18a5aa1db0a6827d18e1707055261,Ni-DOBDC,,10.1021acs.iecr.5b04739.Isotherm1,10.1021/acs.iecr.5b04739,experimental,298.0,0.004694,bar,14.9,38.9587,wt%,0.38959,adsorption,,digitized_from_figure;branch_inferred_from_point_order;branch_uncertain_high_reversal
NIST-MATDB-9ab18a5aa1db0a6827d18e1707055261,Ni-DOBDC,,10.1021acs.iecr.5b04739.Isotherm1,10.1021/acs.iecr.5b04739,experimental,298.0,0.001586,bar,5.03,32.6391,wt%,0.32639,adsorption,,digitized_from_figure;branch_inferred_from_point_order;branch_uncertain_high_reversal
NIST-MATDB-5ab0dbe0639729711750ef4b97715f0f,UiO-66,,10.1021acs.iecr.5b04739.Isotherm2,10.1021/acs.iecr.5b04739,experimental,298.0,0.000317,bar,1.01,0.10772,wt%,0.00108,adsorption,,digitized_from_figure;branch_inferred_from_point_order;branch_uncertain_high_reversal
NIST-MATDB-5ab0dbe0639729711750ef4b97715f0f,UiO-66,,10.1021acs.iecr.5b04739.Isotherm2,10.1021/acs.iecr.5b04739,experimental,298.0,0.001491,bar,4.73,1.25673,wt%,0.01257,adsorption,,digitized_from_figure;branch_inferred_from_point_order;branch_uncertain_high_reversal
NIST-MATDB-5ab0dbe0639729711750ef4b97715f0f,UiO-66,,10.1021acs.iecr.5b04739.Isotherm2,10.1021/acs.iecr.5b04739,experimental,298.0,0.00314,bar,9.97,1.97486,wt%,0.01975,adsorption,,digitized_from_figure;branch_inferred_from_point_order;branch_uncertain_high_reversal
NIST-MATDB-5ab0dbe0639729711750ef4b97715f0f,UiO-66,,10.1021acs.iecr.5b04739.Isotherm2,10.1021/acs.iecr.5b04739,experimental,298.0,0.006312,bar,20.03,3.91382,wt%,0.03914,adsorption,,digitized_from_figure;branch_inferred_from_point_order;branch_uncertain_high_reversal
NIST-MATDB-5ab0dbe0639729711750ef4b97715f0f,UiO-66,,10.1021acs.iecr.5b04739.Isotherm2,10.1021/acs.iecr.5b04739,experimental,298.0,0.00942,bar,29.9,7.25314,wt%,0.07253,adsorption,,digitized_from_figure;branch_inferred_from_point_order;branch_uncertain_high_reversal
NIST-MATDB-5ab0dbe0639729711750ef4b97715f0f,UiO-66,,10.1021acs.iecr.5b04739.Isotherm2,10.1021/acs.iecr.5b04739,experimental,298.0,0.012529,bar,39.77,22.2262,wt%,0.22226,adsorption,,digitized_from_figure;branch_inferred_from_point_order;branch_uncertain_high_reversal
NIST-MATDB-5ab0dbe0639729711750ef4b97715f0f,UiO-66,,10.1021acs.iecr.5b04739.Isotherm2,10.1021/acs.iecr.5b04739,experimental,298.0,0.015764,bar,50.04,27.9713,wt%,0.27971,adsorption,,digitized_from_figure;branch_inferred_from_point_order;branch_uncertain_high_reversal
NIST-MATDB-5ab0dbe0639729711750ef4b97715f0f,UiO-66,,10.1021acs.iecr.5b04739.Isotherm2,10.1021/acs.iecr.5b04739,experimental,298.0,0.018841,bar,59.8,29.1921,wt%,0.29192,adsorption,,digitized_from_figure;branch_inferred_from_point_order;branch_uncertain_high_reversal
NIST-MATDB-5ab0dbe0639729711750ef4b97715f0f,UiO-66,,10.1021acs.iecr.5b04739.Isotherm2,10.1021/acs.iecr.5b04739,experimental,298.0,0.022013,bar,69.87,30.2693,wt%,0.30269,adsorption,,digitized_from_figure;branch_inferred_from_point_order;branch_uncertain_high_reversal
NIST-MATDB-5ab0dbe0639729711750ef4b97715f0f,UiO-66,,10.1021acs.iecr.5b04739.Isotherm2,10.1021/acs.iecr.5b04739,experimental,298.0,0.025153,bar,79.84,31.4183,wt%,0.31418,adsorption,,digitized_from_figure;branch_inferred_from_point_order;branch_uncertain_high_reversal
NIST-MATDB-5ab0dbe0639729711750ef4b97715f0f,UiO-66,,10.1021acs.iecr.5b04739.Isotherm2,10.1021/acs.iecr.5b04739,experimental,298.0,0.028166,bar,89.4,33.07,wt%,0.3307,adsorption,,digitized_from_figure;branch_inferred_from_point_order;branch_uncertain_high_reversal
NIST-MATDB-5ab0dbe0639729711750ef4b97715f0f,UiO-66,,10.1021acs.iecr.5b04739.Isotherm2,10.1021/acs.iecr.5b04739,experimental,298.0,0.029831,bar,94.69,35.5476,wt%,0.35548,adsorption,,digitized_from_figure;branch_inferred_from_point_order;branch_uncertain_high_reversal
NIST-MATDB-5ab0dbe0639729711750ef4b97715f0f,UiO-66,,10.1021acs.iecr.5b04739.Isotherm2,10.1021/acs.iecr.5b04739,experimental,298.0,0.025121,bar,79.74,31.7056,wt%,0.31706,adsorption,,digitized_from_figure;branch_inferred_from_point_order;branch_uncertain_high_reversal
NIST-MATDB-5ab0dbe0639729711750ef4b97715f0f,UiO-66,,10.1021acs.iecr.5b04739.Isotherm2,10.1021/acs.iecr.5b04739,experimental,298.0,0.022044,bar,69.97,30.772,wt%,0.30772,adsorption,,digitized_from_figure;branch_inferred_from_point_order;branch_uncertain_high_reversal
NIST-MATDB-5ab0dbe0639729711750ef4b97715f0f,UiO-66,,10.1021acs.iecr.5b04739.Isotherm2,10.1021/acs.iecr.5b04739,experimental,298.0,0.015605,bar,49.53,28.6176,wt%,0.28618,adsorption,,digitized_from_figure;branch_inferred_from_point_order;branch_uncertain_high_reversal
NIST-MATDB-5ab0dbe0639729711750ef4b97715f0f,UiO-66,,10.1021acs.iecr.5b04739.Isotherm2,10.1021/acs.iecr.5b04739,experimental,298.0,0.012529,bar,39.77,26.8223,wt%,0.26822,adsorption,,digitized_from_figure;branch_inferred_from_point_order;branch_uncertain_high_reversal
NIST-MATDB-5ab0dbe0639729711750ef4b97715f0f,UiO-66,,10.1021acs.iecr.5b04739.Isotherm2,10.1021/acs.iecr.5b04739,experimental,298.0,0.009389,bar,29.8,17.702,wt%,0.17702,adsorption,,digitized_from_figure;branch_inferred_from_point_order;branch_uncertain_high_reversal
NIST-MATDB-5ab0dbe0639729711750ef4b97715f0f,UiO-66,,10.1021acs.iecr.5b04739.Isotherm2,10.1021/acs.iecr.5b04739,experimental,298.0,0.004663,bar,14.8,7.07361,wt%,0.07074,adsorption,,digitized_from_figure;branch_inferred_from_point_order;branch_uncertain_high_reversal
NIST-MATDB-5ab0dbe0639729711750ef4b97715f0f,UiO-66,,10.1021acs.iecr.5b04739.Isotherm2,10.1021/acs.iecr.5b04739,experimental,298.0,0.001554,bar,4.93,3.84201,wt%,0.03842,adsorption,,digitized_from_figure;branch_inferred_from_point_order;branch_uncertain_high_reversal
NIST-MATDB-b425ac967ceb23a458c5e6f13f9dee6b,UiO-66-NH2,,10.1021acs.inorgchem.5b00435.Isotherm37,10.1021/acs.inorgchem.5b00435,experimental,273.0,0.00015,bar,2.61,32.63,cm3(STP)/g,0.02623,adsorption,,digitized_from_figure;branch_inferred_from_point_order
NIST-MATDB-b425ac967ceb23a458c5e6f13f9dee6b,UiO-66-NH2,,10.1021acs.inorgchem.5b00435.Isotherm37,10.1021/acs.inorgchem.5b00435,experimental,273.0,0.000407,bar,7.09,58.68,cm3(STP)/g,0.04716,adsorption,,digitized_from_figure;branch_inferred_from_point_order
NIST-MATDB-b425ac967ceb23a458c5e6f13f9dee6b,UiO-66-NH2,,10.1021acs.inorgchem.5b00435.Isotherm37,10.1021/acs.inorgchem.5b00435,experimental,273.0,0.000501,bar,8.73,65.61,cm3(STP)/g,0.05273,adsorption,,digitized_from_figure;branch_inferred_from_point_order
NIST-MATDB-b425ac967ceb23a458c5e6f13f9dee6b,UiO-66-NH2,,10.1021acs.inorgchem.5b00435.Isotherm37,10.1021/acs.inorgchem.5b00435,experimental,273.0,0.000572,bar,9.96,74.12,cm3(STP)/g,0.05957,adsorption,,digitized_from_figure;branch_inferred_from_point_order
NIST-MATDB-b425ac967ceb23a458c5e6f13f9dee6b,UiO-66-NH2,,10.1021acs.inorgchem.5b00435.Isotherm37,10.1021/acs.inorgchem.5b00435,experimental,273.0,0.000646,bar,11.25,79.13,cm3(STP)/g,0.0636,adsorption,,digitized_from_figure;branch_inferred_from_point_order
NIST-MATDB-b425ac967ceb23a458c5e6f13f9dee6b,UiO-66-NH2,,10.1021acs.inorgchem.5b00435.Isotherm37,10.1021/acs.inorgchem.5b00435,experimental,273.0,0.000708,bar,12.33,86.48,cm3(STP)/g,0.06951,adsorption,,digitized_from_figure;branch_inferred_from_point_order
NIST-MATDB-b425ac967ceb23a458c5e6f13f9dee6b,UiO-66-NH2,,10.1021acs.inorgchem.5b00435.Isotherm37,10.1021/acs.inorgchem.5b00435,experimental,273.0,0.000752,bar,13.1,96.58,cm3(STP)/g,0.07763,adsorption,,digitized_from_figure;branch_inferred_from_point_order
NIST-MATDB-b425ac967ceb23a458c5e6f13f9dee6b,UiO-66-NH2,,10.1021acs.inorgchem.5b00435.Isotherm37,10.1021/acs.inorgchem.5b00435,experimental,273.0,0.000811,bar,14.13,102.42,cm3(STP)/g,0.08232,adsorption,,digitized_from_figure;branch_inferred_from_point_order
NIST-MATDB-b425ac967ceb23a458c5e6f13f9dee6b,UiO-66-NH2,,10.1021acs.inorgchem.5b00435.Isotherm37,10.1021/acs.inorgchem.5b00435,experimental,273.0,0.000869,bar,15.14,113.19,cm3(STP)/g,0.09098,adsorption,,digitized_from_figure;branch_inferred_from_point_order
NIST-MATDB-b425ac967ceb23a458c5e6f13f9dee6b,UiO-66-NH2,,10.1021acs.inorgchem.5b00435.Isotherm37,10.1021/acs.inorgchem.5b00435,experimental,273.0,0.000932,bar,16.23,120.54,cm3(STP)/g,0.09688,adsorption,,digitized_from_figure;branch_inferred_from_point_order
NIST-MATDB-b425ac967ceb23a458c5e6f13f9dee6b,UiO-66-NH2,,10.1021acs.inorgchem.5b00435.Isotherm37,10.1021/acs.inorgchem.5b00435,experimental,273.0,0.000981,bar,17.09,140.03,cm3(STP)/g,0.11255,adsorption,,digitized_from_figure;branch_inferred_from_point_order
NIST-MATDB-b425ac967ceb23a458c5e6f13f9dee6b,UiO-66-NH2,,10.1021acs.inorgchem.5b00435.Isotherm37,10.1021/acs.inorgchem.5b00435,experimental,273.0,0.000982,bar,17.1,140.66,cm3(STP)/g,0.11305,adsorption,,digitized_from_figure;branch_inferred_from_point_order
NIST-MATDB-b425ac967ceb23a458c5e6f13f9dee6b,UiO-66-NH2,,10.1021acs.inorgchem.5b00435.Isotherm37,10.1021/acs.inorgchem.5b00435,experimental,273.0,0.001039,bar,18.1,150.26,cm3(STP)/g,0.12077,adsorption,,digitized_from_figure;branch_inferred_from_point_order
NIST-MATDB-b425ac967ceb23a458c5e6f13f9dee6b,UiO-66-NH2,,10.1021acs.inorgchem.5b00435.Isotherm37,10.1021/acs.inorgchem.5b00435,experimental,273.0,0.001076,bar,18.74,164.2,cm3(STP)/g,0.13197,adsorption,,digitized_from_figure;branch_inferred_from_point_order
NIST-MATDB-b425ac967ceb23a458c5e6f13f9dee6b,UiO-66-NH2,,10.1021acs.inorgchem.5b00435.Isotherm37,10.1021/acs.inorgchem.5b00435,experimental,273.0,0.001165,bar,20.29,189.49,cm3(STP)/g,0.1523,adsorption,,digitized_from_figure;branch_inferred_from_point_order
NIST-MATDB-b425ac967ceb23a458c5e6f13f9dee6b,UiO-66-NH2,,10.1021acs.inorgchem.5b00435.Isotherm37,10.1021/acs.inorgchem.5b00435,experimental,273.0,0.001217,bar,21.2,205.18,cm3(STP)/g,0.16491,adsorption,,digitized_from_figure;branch_inferred_from_point_order
NIST-MATDB-b425ac967ceb23a458c5e6f13f9dee6b,UiO-66-NH2,,10.1021acs.inorgchem.5b00435.Isotherm37,10.1021/acs.inorgchem.5b00435,experimental,273.0,0.001399,bar,24.37,238.83,cm3(STP)/g,0.19196,adsorption,,digitized_from_figure;branch_inferred_from_point_order
NIST-MATDB-b425ac967ceb23a458c5e6f13f9dee6b,UiO-66-NH2,,10.1021acs.inorgchem.5b00435.Isotherm37,10.1021/acs.inorgchem.5b00435,experimental,273.0,0.001468,bar,25.57,248.68,cm3(STP)/g,0.19987,adsorption,,digitized_from_figure;branch_inferred_from_point_order
NIST-MATDB-b425ac967ceb23a458c5e6f13f9dee6b,UiO-66-NH2,,10.1021acs.inorgchem.5b00435.Isotherm37,10.1021/acs.inorgchem.5b00435,experimental,273.0,0.00153,bar,26.65,256.61,cm3(STP)/g,0.20625,adsorption,,digitized_from_figure;branch_inferred_from_point_order
NIST-MATDB-b425ac967ceb23a458c5e6f13f9dee6b,UiO-66-NH2,,10.1021acs.inorgchem.5b00435.Isotherm37,10.1021/acs.inorgchem.5b00435,experimental,273.0,0.001598,bar,27.83,264.46,cm3(STP)/g,0.21256,adsorption,,digitized_from_figure;branch_inferred_from_point_order
NIST-MATDB-b425ac967ceb23a458c5e6f13f9dee6b,UiO-66-NH2,,10.1021acs.inorgchem.5b00435.Isotherm37,10.1021/acs.inorgchem.5b00435,experimental,273.0,0.001703,bar,29.66,274.47,cm3(STP)/g,0.2206,adsorption,,digitized_from_figure;branch_inferred_from_point_order
NIST-MATDB-b425ac967ceb23a458c5e6f13f9dee6b,UiO-66-NH2,,10.1021acs.inorgchem.5b00435.Isotherm37,10.1021/acs.inorgchem.5b00435,experimental,273.0,0.001765,bar,30.74,279.57,cm3(STP)/g,0.2247,adsorption,,digitized_from_figure;branch_inferred_from_point_order
NIST-MATDB-b425ac967ceb23a458c5e6f13f9dee6b,UiO-66-NH2,,10.1021acs.inorgchem.5b00435.Isotherm37,10.1021/acs.inorgchem.5b00435,experimental,273.0,0.001824,bar,31.77,283.74,cm3(STP)/g,0.22805,adsorption,,digitized_from_figure;branch_inferred_from_point_order
NIST-MATDB-b425ac967ceb23a458c5e6f13f9dee6b,UiO-66-NH2,,10.1021acs.inorgchem.5b00435.Isotherm37,10.1021/acs.inorgchem.5b00435,experimental,273.0,0.001895,bar,33.0,287.42,cm3(STP)/g,0.23101,adsorption,,digitized_from_figure;branch_inferred_from_point_order
NIST-MATDB-b425ac967ceb23a458c5e6f13f9dee6b,UiO-66-NH2,,10.1021acs.inorgchem.5b00435.Isotherm37,10.1021/acs.inorgchem.5b00435,experimental,273.0,0.002127,bar,37.05,296.02,cm3(STP)/g,0.23792,adsorption,,digitized_from_figure;branch_inferred_from_point_order
NIST-MATDB-b425ac967ceb23a458c5e6f13f9dee6b,UiO-66-NH2,,10.1021acs.inorgchem.5b00435.Isotherm37,10.1021/acs.inorgchem.5b00435,experimental,273.0,0.002341,bar,40.77,303.11,cm3(STP)/g,0.24362,adsorption,,digitized_from_figure;branch_inferred_from_point_order
NIST-MATDB-b425ac967ceb23a458c5e6f13f9dee6b,UiO-66-NH2,,10.1021acs.inorgchem.5b00435.Isotherm37,10.1021/acs.inorgchem.5b00435,experimental,273.0,0.002388,bar,41.59,305.62,cm3(STP)/g,0.24564,adsorption,,digitized_from_figure;branch_inferred_from_point_order
NIST-MATDB-b425ac967ceb23a458c5e6f13f9dee6b,UiO-66-NH2,,10.1021acs.inorgchem.5b00435.Isotherm37,10.1021/acs.inorgchem.5b00435,experimental,273.0,0.002489,bar,43.35,308.46,cm3(STP)/g,0.24792,adsorption,,digitized_from_figure;branch_inferred_from_point_order
NIST-MATDB-b425ac967ceb23a458c5e6f13f9dee6b,UiO-66-NH2,,10.1021acs.inorgchem.5b00435.Isotherm37,10.1021/acs.inorgchem.5b00435,experimental,273.0,0.002549,bar,44.4,310.05,cm3(STP)/g,0.2492,adsorption,,digitized_from_figure;branch_inferred_from_point_order
NIST-MATDB-b425ac967ceb23a458c5e6f13f9dee6b,UiO-66-NH2,,10.1021acs.inorgchem.5b00435.Isotherm37,10.1021/acs.inorgchem.5b00435,experimental,273.0,0.002627,bar,45.75,313.22,cm3(STP)/g,0.25175,adsorption,,digitized_from_figure;branch_inferred_from_point_order
NIST-MATDB-b425ac967ceb23a458c5e6f13f9dee6b,UiO-66-NH2,,10.1021acs.inorgchem.5b00435.Isotherm37,10.1021/acs.inorgchem.5b00435,experimental,273.0,0.002699,bar,47.01,315.81,cm3(STP)/g,0.25383,adsorption,,digitized_from_figure;branch_inferred_from_point_order
NIST-MATDB-b425ac967ceb23a458c5e6f13f9dee6b,UiO-66-NH2,,10.1021acs.inorgchem.5b00435.Isotherm37,10.1021/acs.inorgchem.5b00435,experimental,273.0,0.002758,bar,48.04,317.73,cm3(STP)/g,0.25537,adsorption,,digitized_from_figure;branch_inferred_from_point_order
NIST-MATDB-b425ac967ceb23a458c5e6f13f9dee6b,UiO-66-NH2,,10.1021acs.inorgchem.5b00435.Isotherm37,10.1021/acs.inorgchem.5b00435,experimental,273.0,0.002798,bar,48.73,319.06,cm3(STP)/g,0.25644,adsorption,,digitized_from_figure;branch_inferred_from_point_order
NIST-MATDB-b425ac967ceb23a458c5e6f13f9dee6b,UiO-66-NH2,,10.1021acs.inorgchem.5b00435.Isotherm37,10.1021/acs.inorgchem.5b00435,experimental,273.0,0.002855,bar,49.73,322.24,cm3(STP)/g,0.259,adsorption,,digitized_from_figure;branch_inferred_from_point_order
NIST-MATDB-b425ac967ceb23a458c5e6f13f9dee6b,UiO-66-NH2,,10.1021acs.inorgchem.5b00435.Isotherm37,10.1021/acs.inorgchem.5b00435,experimental,273.0,0.002912,bar,50.72,323.74,cm3(STP)/g,0.2602,adsorption,,digitized_from_figure;branch_inferred_from_point_order
NIST-MATDB-b425ac967ceb23a458c5e6f13f9dee6b,UiO-66-NH2,,10.1021acs.inorgchem.5b00435.Isotherm37,10.1021/acs.inorgchem.5b00435,experimental,273.0,0.002998,bar,52.22,327.0,cm3(STP)/g,0.26282,adsorption,,digitized_from_figure;branch_inferred_from_point_order
NIST-MATDB-b425ac967ceb23a458c5e6f13f9dee6b,UiO-66-NH2,,10.1021acs.inorgchem.5b00435.Isotherm37,10.1021/acs.inorgchem.5b00435,experimental,273.0,0.003042,bar,52.98,329.75,cm3(STP)/g,0.26503,adsorption,,digitized_from_figure;branch_inferred_from_point_order
NIST-MATDB-b425ac967ceb23a458c5e6f13f9dee6b,UiO-66-NH2,,10.1021acs.inorgchem.5b00435.Isotherm37,10.1021/acs.inorgchem.5b00435,experimental,273.0,0.003096,bar,53.92,332.01,cm3(STP)/g,0.26685,adsorption,,digitized_from_figure;branch_inferred_from_point_order
NIST-MATDB-b425ac967ceb23a458c5e6f13f9dee6b,UiO-66-NH2,,10.1021acs.inorgchem.5b00435.Isotherm37,10.1021/acs.inorgchem.5b00435,experimental,273.0,0.003161,bar,55.05,335.18,cm3(STP)/g,0.2694,adsorption,,digitized_from_figure;branch_inferred_from_point_order
NIST-MATDB-b425ac967ceb23a458c5e6f13f9dee6b,UiO-66-NH2,,10.1021acs.inorgchem.5b00435.Isotherm37,10.1021/acs.inorgchem.5b00435,experimental,273.0,0.003211,bar,55.93,336.02,cm3(STP)/g,0.27007,adsorption,,digitized_from_figure;branch_inferred_from_point_order
NIST-MATDB-b425ac967ceb23a458c5e6f13f9dee6b,UiO-66-NH2,,10.1021acs.inorgchem.5b00435.Isotherm37,10.1021/acs.inorgchem.5b00435,experimental,273.0,0.003252,bar,56.64,337.77,cm3(STP)/g,0.27148,adsorption,,digitized_from_figure;branch_inferred_from_point_order
NIST-MATDB-b425ac967ceb23a458c5e6f13f9dee6b,UiO-66-NH2,,10.1021acs.inorgchem.5b00435.Isotherm37,10.1021/acs.inorgchem.5b00435,experimental,273.0,0.003327,bar,57.95,341.11,cm3(STP)/g,0.27416,adsorption,,digitized_from_figure;branch_inferred_from_point_order
NIST-MATDB-b425ac967ceb23a458c5e6f13f9dee6b,UiO-66-NH2,,10.1021acs.inorgchem.5b00435.Isotherm37,10.1021/acs.inorgchem.5b00435,experimental,273.0,0.003369,bar,58.68,342.2,cm3(STP)/g,0.27504,adsorption,,digitized_from_figure;branch_inferred_from_point_order
NIST-MATDB-b425ac967ceb23a458c5e6f13f9dee6b,UiO-66-NH2,,10.1021acs.inorgchem.5b00435.Isotherm37,10.1021/acs.inorgchem.5b00435,experimental,273.0,0.003469,bar,60.42,345.87,cm3(STP)/g,0.27799,adsorption,,digitized_from_figure;branch_inferred_from_point_order
NIST-MATDB-b425ac967ceb23a458c5e6f13f9dee6b,UiO-66-NH2,,10.1021acs.inorgchem.5b00435.Isotherm37,10.1021/acs.inorgchem.5b00435,experimental,273.0,0.003518,bar,61.27,348.79,cm3(STP)/g,0.28034,adsorption,,digitized_from_figure;branch_inferred_from_point_order
NIST-MATDB-b425ac967ceb23a458c5e6f13f9dee6b,UiO-66-NH2,,10.1021acs.inorgchem.5b00435.Isotherm37,10.1021/acs.inorgchem.5b00435,experimental,273.0,0.003566,bar,62.11,351.55,cm3(STP)/g,0.28255,adsorption,,digitized_from_figure;branch_inferred_from_point_order
NIST-MATDB-b425ac967ceb23a458c5e6f13f9dee6b,UiO-66-NH2,,10.1021acs.inorgchem.5b00435.Isotherm37,10.1021/acs.inorgchem.5b00435,experimental,273.0,0.003633,bar,63.28,354.55,cm3(STP)/g,0.28497,adsorption,,digitized_from_figure;branch_inferred_from_point_order
NIST-MATDB-b425ac967ceb23a458c5e6f13f9dee6b,UiO-66-NH2,,10.1021acs.inorgchem.5b00435.Isotherm37,10.1021/acs.inorgchem.5b00435,experimental,273.0,0.003673,bar,63.97,356.47,cm3(STP)/g,0.28651,adsorption,,digitized_from_figure;branch_inferred_from_point_order
NIST-MATDB-b425ac967ceb23a458c5e6f13f9dee6b,UiO-66-NH2,,10.1021acs.inorgchem.5b00435.Isotherm37,10.1021/acs.inorgchem.5b00435,experimental,273.0,0.003752,bar,65.35,361.65,cm3(STP)/g,0.29067,adsorption,,digitized_from_figure;branch_inferred_from_point_order
NIST-MATDB-b425ac967ceb23a458c5e6f13f9dee6b,UiO-66-NH2,,10.1021acs.inorgchem.5b00435.Isotherm37,10.1021/acs.inorgchem.5b00435,experimental,273.0,0.003805,bar,66.27,362.82,cm3(STP)/g,0.29161,adsorption,,digitized_from_figure;branch_inferred_from_point_order
NIST-MATDB-b425ac967ceb23a458c5e6f13f9dee6b,UiO-66-NH2,,10.1021acs.inorgchem.5b00435.Isotherm37,10.1021/acs.inorgchem.5b00435,experimental,273.0,0.00385,bar,67.05,363.66,cm3(STP)/g,0.29229,adsorption,,digitized_from_figure;branch_inferred_from_point_order
NIST-MATDB-b425ac967ceb23a458c5e6f13f9dee6b,UiO-66-NH2,,10.1021acs.inorgchem.5b00435.Isotherm37,10.1021/acs.inorgchem.5b00435,experimental,273.0,0.003902,bar,67.96,367.75,cm3(STP)/g,0.29557,adsorption,,digitized_from_figure;branch_inferred_from_point_order
NIST-MATDB-b425ac967ceb23a458c5e6f13f9dee6b,UiO-66-NH2,,10.1021acs.inorgchem.5b00435.Isotherm37,10.1021/acs.inorgchem.5b00435,experimental,273.0,0.003984,bar,69.39,373.59,cm3(STP)/g,0.30027,adsorption,,digitized_from_figure;branch_inferred_from_point_order
NIST-MATDB-b425ac967ceb23a458c5e6f13f9dee6b,UiO-66-NH2,,10.1021acs.inorgchem.5b00435.Isotherm37,10.1021/acs.inorgchem.5b00435,experimental,273.0,0.004027,bar,70.14,375.01,cm3(STP)/g,0.30141,adsorption,,digitized_from_figure;branch_inferred_from_point_order
NIST-MATDB-b425ac967ceb23a458c5e6f13f9dee6b,UiO-66-NH2,,10.1021acs.inorgchem.5b00435.Isotherm37,10.1021/acs.inorgchem.5b00435,experimental,273.0,0.004108,bar,71.55,380.27,cm3(STP)/g,0.30564,adsorption,,digitized_from_figure;branch_inferred_from_point_order
NIST-MATDB-b425ac967ceb23a458c5e6f13f9dee6b,UiO-66-NH2,,10.1021acs.inorgchem.5b00435.Isotherm37,10.1021/acs.inorgchem.5b00435,experimental,273.0,0.004157,bar,72.4,382.52,cm3(STP)/g,0.30745,adsorption,,digitized_from_figure;branch_inferred_from_point_order
NIST-MATDB-b425ac967ceb23a458c5e6f13f9dee6b,UiO-66-NH2,,10.1021acs.inorgchem.5b00435.Isotherm37,10.1021/acs.inorgchem.5b00435,experimental,273.0,0.004224,bar,73.57,387.37,cm3(STP)/g,0.31134,adsorption,,digitized_from_figure;branch_inferred_from_point_order
NIST-MATDB-b425ac967ceb23a458c5e6f13f9dee6b,UiO-66-NH2,,10.1021acs.inorgchem.5b00435.Isotherm37,10.1021/acs.inorgchem.5b00435,experimental,273.0,0.004265,bar,74.28,390.21,cm3(STP)/g,0.31363,adsorption,,digitized_from_figure;branch_inferred_from_point_order
NIST-MATDB-b425ac967ceb23a458c5e6f13f9dee6b,UiO-66-NH2,,10.1021acs.inorgchem.5b00435.Isotherm37,10.1021/acs.inorgchem.5b00435,experimental,273.0,0.004329,bar,75.4,394.71,cm3(STP)/g,0.31724,adsorption,,digitized_from_figure;branch_inferred_from_point_order
NIST-MATDB-b425ac967ceb23a458c5e6f13f9dee6b,UiO-66-NH2,,10.1021acs.inorgchem.5b00435.Isotherm37,10.1021/acs.inorgchem.5b00435,experimental,273.0,0.004361,bar,75.95,398.39,cm3(STP)/g,0.3202,adsorption,,digitized_from_figure;branch_inferred_from_point_order
NIST-MATDB-b425ac967ceb23a458c5e6f13f9dee6b,UiO-66-NH2,,10.1021acs.inorgchem.5b00435.Isotherm37,10.1021/acs.inorgchem.5b00435,experimental,273.0,0.004437,bar,77.28,404.73,cm3(STP)/g,0.3253,adsorption,,digitized_from_figure;branch_inferred_from_point_order
NIST-MATDB-b425ac967ceb23a458c5e6f13f9dee6b,UiO-66-NH2,,10.1021acs.inorgchem.5b00435.Isotherm37,10.1021/acs.inorgchem.5b00435,experimental,273.0,0.004497,bar,78.32,410.66,cm3(STP)/g,0.33006,adsorption,,digitized_from_figure;branch_inferred_from_point_order
NIST-MATDB-b425ac967ceb23a458c5e6f13f9dee6b,UiO-66-NH2,,10.1021acs.inorgchem.5b00435.Isotherm37,10.1021/acs.inorgchem.5b00435,experimental,273.0,0.00456,bar,79.42,417.0,cm3(STP)/g,0.33516,adsorption,,digitized_from_figure;branch_inferred_from_point_order
NIST-MATDB-b425ac967ceb23a458c5e6f13f9dee6b,UiO-66-NH2,,10.1021acs.inorgchem.5b00435.Isotherm37,10.1021/acs.inorgchem.5b00435,experimental,273.0,0.00462,bar,80.47,423.68,cm3(STP)/g,0.34053,adsorption,,digitized_from_figure;branch_inferred_from_point_order
NIST-MATDB-b425ac967ceb23a458c5e6f13f9dee6b,UiO-66-NH2,,10.1021acs.inorgchem.5b00435.Isotherm37,10.1021/acs.inorgchem.5b00435,experimental,273.0,0.004675,bar,81.42,429.69,cm3(STP)/g,0.34536,adsorption,,digitized_from_figure;branch_inferred_from_point_order
NIST-MATDB-b425ac967ceb23a458c5e6f13f9dee6b,UiO-66-NH2,,10.1021acs.inorgchem.5b00435.Isotherm37,10.1021/acs.inorgchem.5b00435,experimental,273.0,0.004727,bar,82.33,436.46,cm3(STP)/g,0.3508,adsorption,,digitized_from_figure;branch_inferred_from_point_order
NIST-MATDB-b425ac967ceb23a458c5e6f13f9dee6b,UiO-66-NH2,,10.1021acs.inorgchem.5b00435.Isotherm37,10.1021/acs.inorgchem.5b00435,experimental,273.0,0.004783,bar,83.3,442.38,cm3(STP)/g,0.35556,adsorption,,digitized_from_figure;branch_inferred_from_point_order
NIST-MATDB-b425ac967ceb23a458c5e6f13f9dee6b,UiO-66-NH2,,10.1021acs.inorgchem.5b00435.Isotherm37,10.1021/acs.inorgchem.5b00435,experimental,273.0,0.004823,bar,84.0,448.14,cm3(STP)/g,0.36019,adsorption,,digitized_from_figure;branch_inferred_from_point_order
NIST-MATDB-b425ac967ceb23a458c5e6f13f9dee6b,UiO-66-NH2,,10.1021acs.inorgchem.5b00435.Isotherm37,10.1021/acs.inorgchem.5b00435,experimental,273.0,0.004885,bar,85.08,457.49,cm3(STP)/g,0.3677,adsorption,,digitized_from_figure;branch_inferred_from_point_order
NIST-MATDB-b425ac967ceb23a458c5e6f13f9dee6b,UiO-66-NH2,,10.1021acs.inorgchem.5b00435.Isotherm37,10.1021/acs.inorgchem.5b00435,experimental,273.0,0.004932,bar,85.9,466.01,cm3(STP)/g,0.37455,adsorption,,digitized_from_figure;branch_inferred_from_point_order
NIST-MATDB-b425ac967ceb23a458c5e6f13f9dee6b,UiO-66-NH2,,10.1021acs.inorgchem.5b00435.Isotherm37,10.1021/acs.inorgchem.5b00435,experimental,273.0,0.005005,bar,87.17,476.86,cm3(STP)/g,0.38327,adsorption,,digitized_from_figure;branch_inferred_from_point_order
NIST-MATDB-b425ac967ceb23a458c5e6f13f9dee6b,UiO-66-NH2,,10.1021acs.inorgchem.5b00435.Isotherm37,10.1021/acs.inorgchem.5b00435,experimental,273.0,0.005059,bar,88.11,488.21,cm3(STP)/g,0.39239,adsorption,,digitized_from_figure;branch_inferred_from_point_order
NIST-MATDB-b425ac967ceb23a458c5e6f13f9dee6b,UiO-66-NH2,,10.1021acs.inorgchem.5b00435.Isotherm37,10.1021/acs.inorgchem.5b00435,experimental,273.0,0.005114,bar,89.07,501.74,cm3(STP)/g,0.40327,adsorption,,digitized_from_figure;branch_inferred_from_point_order
NIST-MATDB-b425ac967ceb23a458c5e6f13f9dee6b,UiO-66-NH2,,10.1021acs.inorgchem.5b00435.Isotherm37,10.1021/acs.inorgchem.5b00435,experimental,273.0,0.005175,bar,90.13,515.93,cm3(STP)/g,0.41467,adsorption,,digitized_from_figure;branch_inferred_from_point_order
NIST-MATDB-b425ac967ceb23a458c5e6f13f9dee6b,UiO-66-NH2,,10.1021acs.inorgchem.5b00435.Isotherm37,10.1021/acs.inorgchem.5b00435,experimental,273.0,0.005224,bar,90.99,530.45,cm3(STP)/g,0.42634,adsorption,,digitized_from_figure;branch_inferred_from_point_order
NIST-MATDB-b425ac967ceb23a458c5e6f13f9dee6b,UiO-66-NH2,,10.1021acs.inorgchem.5b00435.Isotherm37,10.1021/acs.inorgchem.5b00435,experimental,273.0,0.005273,bar,91.84,544.98,cm3(STP)/g,0.43802,adsorption,,digitized_from_figure;branch_inferred_from_point_order
NIST-MATDB-b425ac967ceb23a458c5e6f13f9dee6b,UiO-66-NH2,,10.1021acs.inorgchem.5b00435.Isotherm37,10.1021/acs.inorgchem.5b00435,experimental,273.0,0.00531,bar,92.48,560.92,cm3(STP)/g,0.45083,adsorption,,digitized_from_figure;branch_inferred_from_point_order
NIST-MATDB-b425ac967ceb23a458c5e6f13f9dee6b,UiO-66-NH2,,10.1021acs.inorgchem.5b00435.Isotherm37,10.1021/acs.inorgchem.5b00435,experimental,273.0,0.005361,bar,93.37,570.69,cm3(STP)/g,0.45869,adsorption,,digitized_from_figure;branch_inferred_from_point_order
NIST-MATDB-b425ac967ceb23a458c5e6f13f9dee6b,UiO-66-NH2,,10.1021acs.inorgchem.5b00435.Isotherm37,10.1021/acs.inorgchem.5b00435,experimental,273.0,0.005362,bar,93.39,571.23,cm3(STP)/g,0.45912,adsorption,,digitized_from_figure;branch_inferred_from_point_order
NIST-MATDB-b425ac967ceb23a458c5e6f13f9dee6b,UiO-66-NH2,,10.1021acs.inorgchem.5b00435.Isotherm37,10.1021/acs.inorgchem.5b00435,experimental,273.0,0.005386,bar,93.81,591.64,cm3(STP)/g,0.47552,adsorption,,digitized_from_figure;branch_inferred_from_point_order
NIST-MATDB-b425ac967ceb23a458c5e6f13f9dee6b,UiO-66-NH2,,10.1021acs.inorgchem.5b00435.Isotherm37,10.1021/acs.inorgchem.5b00435,experimental,273.0,0.005418,bar,94.36,603.16,cm3(STP)/g,0.48478,adsorption,,digitized_from_figure;branch_inferred_from_point_order
NIST-MATDB-b425ac967ceb23a458c5e6f13f9dee6b,UiO-66-NH2,,10.1021acs.inorgchem.5b00435.Isotherm37,10.1021/acs.inorgchem.5b00435,experimental,273.0,0.005444,bar,94.82,613.18,cm3(STP)/g,0.49284,adsorption,,digitized_from_figure;branch_inferred_from_point_order
NIST-MATDB-b425ac967ceb23a458c5e6f13f9dee6b,UiO-66-NH2,,10.1021acs.inorgchem.5b00435.Isotherm37,10.1021/acs.inorgchem.5b00435,experimental,273.0,0.005467,bar,95.22,622.44,cm3(STP)/g,0.50028,adsorption,,digitized_from_figure;branch_inferred_from_point_order
NIST-MATDB-b425ac967ceb23a458c5e6f13f9dee6b,UiO-66-NH2,,10.1021acs.inorgchem.5b00435.Isotherm37,10.1021/acs.inorgchem.5b00435,experimental,273.0,0.005486,bar,95.55,631.88,cm3(STP)/g,0.50787,adsorption,,digitized_from_figure;branch_inferred_from_point_order
NIST-MATDB-b425ac967ceb23a458c5e6f13f9dee6b,UiO-66-NH2,,10.1021acs.inorgchem.5b00435.Isotherm37,10.1021/acs.inorgchem.5b00435,experimental,273.0,0.005507,bar,95.91,644.31,cm3(STP)/g,0.51786,adsorption,,digitized_from_figure;branch_inferred_from_point_order
NIST-MATDB-b425ac967ceb23a458c5e6f13f9dee6b,UiO-66-NH2,,10.1021acs.inorgchem.5b00435.Isotherm37,10.1021/acs.inorgchem.5b00435,experimental,273.0,0.005526,bar,96.25,654.58,cm3(STP)/g,0.52611,adsorption,,digitized_from_figure;branch_inferred_from_point_order
NIST-MATDB-b425ac967ceb23a458c5e6f13f9dee6b,UiO-66-NH2,,10.1021acs.inorgchem.5b00435.Isotherm37,10.1021/acs.inorgchem.5b00435,experimental,273.0,0.005545,bar,96.58,664.77,cm3(STP)/g,0.5343,adsorption,,digitized_from_figure;branch_inferred_from_point_order
NIST-MATDB-b425ac967ceb23a458c5e6f13f9dee6b,UiO-66-NH2,,10.1021acs.inorgchem.5b00435.Isotherm37,10.1021/acs.inorgchem.5b00435,experimental,273.0,0.005556,bar,96.77,674.87,cm3(STP)/g,0.54242,adsorption,,digitized_from_figure;branch_inferred_from_point_order
NIST-MATDB-b425ac967ceb23a458c5e6f13f9dee6b,UiO-66-NH2,,10.1021acs.inorgchem.5b00435.Isotherm37,10.1021/acs.inorgchem.5b00435,experimental,273.0,0.005568,bar,96.98,688.06,cm3(STP)/g,0.55302,adsorption,,digitized_from_figure;branch_inferred_from_point_order
NIST-MATDB-b425ac967ceb23a458c5e6f13f9dee6b,UiO-66-NH2,,10.1021acs.inorgchem.5b00435.Isotherm37,10.1021/acs.inorgchem.5b00435,experimental,273.0,0.005576,bar,97.12,703.75,cm3(STP)/g,0.56563,adsorption,,digitized_from_figure;branch_inferred_from_point_order
NIST-MATDB-b425ac967ceb23a458c5e6f13f9dee6b,UiO-66-NH2,,10.1021acs.inorgchem.5b00435.Isotherm37,10.1021/acs.inorgchem.5b00435,experimental,273.0,0.005587,bar,97.31,693.15,cm3(STP)/g,0.55711,adsorption,,digitized_from_figure;branch_inferred_from_point_order
NIST-MATDB-b425ac967ceb23a458c5e6f13f9dee6b,UiO-66-NH2,,10.1021acs.inorgchem.5b00435.Isotherm37,10.1021/acs.inorgchem.5b00435,experimental,273.0,0.005606,bar,97.64,715.52,cm3(STP)/g,0.57509,adsorption,,digitized_from_figure;branch_inferred_from_point_order
NIST-MATDB-b425ac967ceb23a458c5e6f13f9dee6b,UiO-66-NH2,,10.1021acs.inorgchem.5b00435.Isotherm37,10.1021/acs.inorgchem.5b00435,experimental,273.0,0.00562,bar,97.88,726.12,cm3(STP)/g,0.58361,adsorption,,digitized_from_figure;branch_inferred_from_point_order
NIST-MATDB-b425ac967ceb23a458c5e6f13f9dee6b,UiO-66-NH2,,10.1021acs.inorgchem.5b00435.Isotherm37,10.1021/acs.inorgchem.5b00435,experimental,273.0,0.005623,bar,97.93,734.97,cm3(STP)/g,0.59072,adsorption,,digitized_from_figure;branch_inferred_from_point_order
NIST-MATDB-b425ac967ceb23a458c5e6f13f9dee6b,UiO-66-NH2,,10.1021acs.inorgchem.5b00435.Isotherm37,10.1021/acs.inorgchem.5b00435,experimental,273.0,0.005635,bar,98.14,752.66,cm3(STP)/g,0.60494,adsorption,,digitized_from_figure;branch_inferred_from_point_order
NIST-MATDB-b425ac967ceb23a458c5e6f13f9dee6b,UiO-66-NH2,,10.1021acs.inorgchem.5b00435.Isotherm37,10.1021/acs.inorgchem.5b00435,experimental,273.0,0.005642,bar,98.27,742.15,cm3(STP)/g,0.59649,adsorption,,digitized_from_figure;branch_inferred_from_point_order
NIST-MATDB-b425ac967ceb23a458c5e6f13f9dee6b,UiO-66-NH2,,10.1021acs.inorgchem.5b00435.Isotherm37,10.1021/acs.inorgchem.5b00435,experimental,273.0,0.005653,bar,98.46,764.18,cm3(STP)/g,0.6142,adsorption,,digitized_from_figure;branch_inferred_from_point_order
NIST-MATDB-b425ac967ceb23a458c5e6f13f9dee6b,UiO-66-NH2,,10.1021acs.inorgchem.5b00435.Isotherm37,10.1021/acs.inorgchem.5b00435,experimental,273.0,0.005659,bar,98.56,772.61,cm3(STP)/g,0.62098,adsorption,,digitized_from_figure;branch_inferred_from_point_order
NIST-MATDB-b425ac967ceb23a458c5e6f13f9dee6b,UiO-66-NH2,,10.1021acs.inorgchem.5b00435.Isotherm37,10.1021/acs.inorgchem.5b00435,experimental,273.0,0.005667,bar,98.7,781.96,cm3(STP)/g,0.62849,adsorption,,digitized_from_figure;branch_inferred_from_point_order
NIST-MATDB-b425ac967ceb23a458c5e6f13f9dee6b,UiO-66-NH2,,10.1021acs.inorgchem.5b00435.Isotherm37,10.1021/acs.inorgchem.5b00435,experimental,273.0,0.005674,bar,98.82,791.4,cm3(STP)/g,0.63608,adsorption,,digitized_from_figure;branch_inferred_from_point_order
NIST-MATDB-b425ac967ceb23a458c5e6f13f9dee6b,UiO-66-NH2,,10.1021acs.inorgchem.5b00435.Isotherm37,10.1021/acs.inorgchem.5b00435,experimental,273.0,0.005679,bar,98.91,802.0,cm3(STP)/g,0.6446,adsorption,,digitized_from_figure;branch_inferred_from_point_order
NIST-MATDB-b425ac967ceb23a458c5e6f13f9dee6b,UiO-66-NH2,,10.1021acs.inorgchem.5b00435.Isotherm37,10.1021/acs.inorgchem.5b00435,experimental,273.0,0.005696,bar,99.21,811.43,cm3(STP)/g,0.65218,adsorption,,digitized_from_figure;branch_inferred_from_point_order
NIST-MATDB-b425ac967ceb23a458c5e6f13f9dee6b,UiO-66-NH2,,10.1021acs.inorgchem.5b00435.Isotherm37,10.1021/acs.inorgchem.5b00435,experimental,273.0,0.005704,bar,99.35,821.28,cm3(STP)/g,0.66009,adsorption,,digitized_from_figure;branch_inferred_from_point_order
NIST-MATDB-b425ac967ceb23a458c5e6f13f9dee6b,UiO-66-NH2,,10.1021acs.inorgchem.5b00435.Isotherm37,10.1021/acs.inorgchem.5b00435,experimental,273.0,0.005716,bar,99.55,830.88,cm3(STP)/g,0.66781,adsorption,,digitized_from_figure;branch_inferred_from_point_order
NIST-MATDB-b425ac967ceb23a458c5e6f13f9dee6b,UiO-66-NH2,,10.1021acs.inorgchem.5b00435.Isotherm37,10.1021/acs.inorgchem.5b00435,experimental,273.0,0.005726,bar,99.73,839.31,cm3(STP)/g,0.67459,adsorption,,digitized_from_figure;branch_inferred_from_point_order
NIST-MATDB-b425ac967ceb23a458c5e6f13f9dee6b,UiO-66-NH2,,10.1021acs.inorgchem.5b00435.Isotherm37,10.1021/acs.inorgchem.5b00435,experimental,273.0,0.005727,bar,99.75,847.91,cm3(STP)/g,0.6815,adsorption,,digitized_from_figure;branch_inferred_from_point_order
NIST-MATDB-b425ac967ceb23a458c5e6f13f9dee6b,UiO-66-NH2,,10.1021acs.inorgchem.5b00435.Isotherm37,10.1021/acs.inorgchem.5b00435,experimental,273.0,0.005731,bar,99.82,858.01,cm3(STP)/g,0.68962,adsorption,,digitized_from_figure;branch_inferred_from_point_order
NIST-MATDB-b425ac967ceb23a458c5e6f13f9dee6b,UiO-66-NH2,,10.1021acs.inorgchem.5b00435.Isotherm37,10.1021/acs.inorgchem.5b00435,experimental,273.0,0.000931,bar,16.22,261.19,cm3(STP)/g,0.20993,adsorption,,digitized_from_figure;branch_inferred_from_point_order
NIST-MATDB-b425ac967ceb23a458c5e6f13f9dee6b,UiO-66-NH2,,10.1021acs.inorgchem.5b00435.Isotherm37,10.1021/acs.inorgchem.5b00435,experimental,273.0,0.000985,bar,17.16,271.88,cm3(STP)/g,0.21852,adsorption,,digitized_from_figure;branch_inferred_from_point_order
NIST-MATDB-b425ac967ceb23a458c5e6f13f9dee6b,UiO-66-NH2,,10.1021acs.inorgchem.5b00435.Isotherm37,10.1021/acs.inorgchem.5b00435,experimental,273.0,0.001042,bar,18.15,282.56,cm3(STP)/g,0.2271,adsorption,,digitized_from_figure;branch_inferred_from_point_order
NIST-MATDB-b425ac967ceb23a458c5e6f13f9dee6b,UiO-66-NH2,,10.1021acs.inorgchem.5b00435.Isotherm37,10.1021/acs.inorgchem.5b00435,experimental,273.0,0.00109,bar,18.98,291.83,cm3(STP)/g,0.23456,adsorption,,digitized_from_figure;branch_inferred_from_point_order
NIST-MATDB-b425ac967ceb23a458c5e6f13f9dee6b,UiO-66-NH2,,10.1021acs.inorgchem.5b00435.Isotherm37,10.1021/acs.inorgchem.5b00435,experimental,273.0,0.001154,bar,20.1,303.01,cm3(STP)/g,0.24354,adsorption,,digitized_from_figure;branch_inferred_from_point_order
NIST-MATDB-b425ac967ceb23a458c5e6f13f9dee6b,UiO-66-NH2,,10.1021acs.inorgchem.5b00435.Isotherm37,10.1021/acs.inorgchem.5b00435,experimental,273.0,0.001171,bar,20.4,307.52,cm3(STP)/g,0.24717,adsorption,,digitized_from_figure;branch_inferred_from_point_order
NIST-MATDB-b425ac967ceb23a458c5e6f13f9dee6b,UiO-66-NH2,,10.1021acs.inorgchem.5b00435.Isotherm37,10.1021/acs.inorgchem.5b00435,experimental,273.0,0.001219,bar,21.23,316.95,cm3(STP)/g,0.25474,adsorption,,digitized_from_figure;branch_inferred_from_point_order
NIST-MATDB-b425ac967ceb23a458c5e6f13f9dee6b,UiO-66-NH2,,10.1021acs.inorgchem.5b00435.Isotherm37,10.1021/acs.inorgchem.5b00435,experimental,273.0,0.001279,bar,22.28,327.81,cm3(STP)/g,0.26347,adsorption,,digitized_from_figure;branch_inferred_from_point_order
NIST-MATDB-b425ac967ceb23a458c5e6f13f9dee6b,UiO-66-NH2,,10.1021acs.inorgchem.5b00435.Isotherm37,10.1021/acs.inorgchem.5b00435,experimental,273.0,0.001348,bar,23.48,336.66,cm3(STP)/g,0.27059,adsorption,,digitized_from_figure;branch_inferred_from_point_order
NIST-MATDB-b425ac967ceb23a458c5e6f13f9dee6b,UiO-66-NH2,,10.1021acs.inorgchem.5b00435.Isotherm37,10.1021/acs.inorgchem.5b00435,experimental,273.0,0.00141,bar,24.56,343.17,cm3(STP)/g,0.27582,adsorption,,digitized_from_figure;branch_inferred_from_point_order
NIST-MATDB-b425ac967ceb23a458c5e6f13f9dee6b,UiO-66-NH2,,10.1021acs.inorgchem.5b00435.Isotherm37,10.1021/acs.inorgchem.5b00435,experimental,273.0,0.001471,bar,25.62,347.93,cm3(STP)/g,0.27964,adsorption,,digitized_from_figure;branch_inferred_from_point_order
NIST-MATDB-b425ac967ceb23a458c5e6f13f9dee6b,UiO-66-NH2,,10.1021acs.inorgchem.5b00435.Isotherm37,10.1021/acs.inorgchem.5b00435,experimental,273.0,0.001529,bar,26.63,350.35,cm3(STP)/g,0.28159,adsorption,,digitized_from_figure;branch_inferred_from_point_order
NIST-MATDB-b425ac967ceb23a458c5e6f13f9dee6b,UiO-66-NH2,,10.1021acs.inorgchem.5b00435.Isotherm37,10.1021/acs.inorgchem.5b00435,experimental,273.0,0.00159,bar,27.69,353.02,cm3(STP)/g,0.28374,adsorption,,digitized_from_figure;branch_inferred_from_point_order
NIST-MATDB-b425ac967ceb23a458c5e6f13f9dee6b,UiO-66-NH2,,10.1021acs.inorgchem.5b00435.Isotherm37,10.1021/acs.inorgchem.5b00435,experimental,273.0,0.00165,bar,28.74,354.61,cm3(STP)/g,0.28501,adsorption,,digitized_from_figure;branch_inferred_from_point_order
NIST-MATDB-b425ac967ceb23a458c5e6f13f9dee6b,UiO-66-NH2,,10.1021acs.inorgchem.5b00435.Isotherm37,10.1021/acs.inorgchem.5b00435,experimental,273.0,0.001717,bar,29.9,357.95,cm3(STP)/g,0.2877,adsorption,,digitized_from_figure;branch_inferred_from_point_order
NIST-MATDB-b425ac967ceb23a458c5e6f13f9dee6b,UiO-66-NH2,,10.1021acs.inorgchem.5b00435.Isotherm37,10.1021/acs.inorgchem.5b00435,experimental,273.0,0.001769,bar,30.81,360.45,cm3(STP)/g,0.28971,adsorption,,digitized_from_figure;branch_inferred_from_point_order
NIST-MATDB-b425ac967ceb23a458c5e6f13f9dee6b,UiO-66-NH2,,10.1021acs.inorgchem.5b00435.Isotherm37,10.1021/acs.inorgchem.5b00435,experimental,273.0,0.001836,bar,31.98,362.62,cm3(STP)/g,0.29145,adsorption,,digitized_from_figure;branch_inferred_from_point_order
NIST-MATDB-b425ac967ceb23a458c5e6f13f9dee6b,UiO-66-NH2,,10.1021acs.inorgchem.5b00435.Isotherm37,10.1021/acs.inorgchem.5b00435,experimental,273.0,0.001904,bar,33.16,364.88,cm3(STP)/g,0.29327,adsorption,,digitized_from_figure;branch_inferred_from_point_order
NIST-MATDB-b425ac967ceb23a458c5e6f13f9dee6b,UiO-66-NH2,,10.1021acs.inorgchem.5b00435.Isotherm37,10.1021/acs.inorgchem.5b00435,experimental,273.0,0.001964,bar,34.21,367.47,cm3(STP)/g,0.29535,adsorption,,digitized_from_figure;branch_inferred_from_point_order
NIST-MATDB-b425ac967ceb23a458c5e6f13f9dee6b,UiO-66-NH2,,10.1021acs.inorgchem.5b00435.Isotherm37,10.1021/acs.inorgchem.5b00435,experimental,273.0,0.002034,bar,35.43,369.3,cm3(STP)/g,0.29682,adsorption,,digitized_from_figure;branch_inferred_from_point_order
NIST-MATDB-b425ac967ceb23a458c5e6f13f9dee6b,UiO-66-NH2,,10.1021acs.inorgchem.5b00435.Isotherm37,10.1021/acs.inorgchem.5b00435,experimental,273.0,0.002106,bar,36.68,371.22,cm3(STP)/g,0.29836,adsorption,,digitized_from_figure;branch_inferred_from_point_order
NIST-MATDB-b425ac967ceb23a458c5e6f13f9dee6b,UiO-66-NH2,,10.1021acs.inorgchem.5b00435.Isotherm37,10.1021/acs.inorgchem.5b00435,experimental,273.0,0.00218,bar,37.97,374.06,cm3(STP)/g,0.30065,adsorption,,digitized_from_figure;branch_inferred_from_point_order
NIST-MATDB-b425ac967ceb23a458c5e6f13f9dee6b,UiO-66-NH2,,10.1021acs.inorgchem.5b00435.Isotherm37,10.1021/acs.inorgchem.5b00435,experimental,273.0,0.002209,bar,38.47,375.32,cm3(STP)/g,0.30166,adsorption,,digitized_from_figure;branch_inferred_from_point_order
NIST-MATDB-b425ac967ceb23a458c5e6f13f9dee6b,UiO-66-NH2,,10.1021acs.inorgchem.5b00435.Isotherm37,10.1021/acs.inorgchem.5b00435,experimental,273.0,0.002288,bar,39.85,378.16,cm3(STP)/g,0.30394,adsorption,,digitized_from_figure;branch_inferred_from_point_order
NIST-MATDB-b425ac967ceb23a458c5e6f13f9dee6b,UiO-66-NH2,,10.1021acs.inorgchem.5b00435.Isotherm37,10.1021/acs.inorgchem.5b00435,experimental,273.0,0.002369,bar,41.26,380.58,cm3(STP)/g,0.30589,adsorption,,digitized_from_figure;branch_inferred_from_point_order
NIST-MATDB-b425ac967ceb23a458c5e6f13f9dee6b,UiO-66-NH2,,10.1021acs.inorgchem.5b00435.Isotherm37,10.1021/acs.inorgchem.5b00435,experimental,273.0,0.002401,bar,41.82,381.08,cm3(STP)/g,0.30629,adsorption,,digitized_from_figure;branch_inferred_from_point_order
NIST-MATDB-b425ac967ceb23a458c5e6f13f9dee6b,UiO-66-NH2,,10.1021acs.inorgchem.5b00435.Isotherm37,10.1021/acs.inorgchem.5b00435,experimental,273.0,0.002499,bar,43.52,384.42,cm3(STP)/g,0.30897,adsorption,,digitized_from_figure;branch_inferred_from_point_order
NIST-MATDB-b425ac967ceb23a458c5e6f13f9dee6b,UiO-66-NH2,,10.1021acs.inorgchem.5b00435.Isotherm37,10.1021/acs.inorgchem.5b00435,experimental,273.0,0.002532,bar,44.1,384.5,cm3(STP)/g,0.30904,adsorption,,digitized_from_figure;branch_inferred_from_point_order
NIST-MATDB-b425ac967ceb23a458c5e6f13f9dee6b,UiO-66-NH2,,10.1021acs.inorgchem.5b00435.Isotherm37,10.1021/acs.inorgchem.5b00435,experimental,273.0,0.002628,bar,45.77,388.43,cm3(STP)/g,0.3122,adsorption,,digitized_from_figure;branch_inferred_from_point_order
NIST-MATDB-b425ac967ceb23a458c5e6f13f9dee6b,UiO-66-NH2,,10.1021acs.inorgchem.5b00435.Isotherm37,10.1021/acs.inorgchem.5b00435,experimental,273.0,0.002657,bar,46.28,388.43,cm3(STP)/g,0.3122,adsorption,,digitized_from_figure;branch_inferred_from_point_order
NIST-MATDB-b425ac967ceb23a458c5e6f13f9dee6b,UiO-66-NH2,,10.1021acs.inorgchem.5b00435.Isotherm37,10.1021/acs.inorgchem.5b00435,experimental,273.0,0.002749,bar,47.88,392.19,cm3(STP)/g,0.31522,adsorption,,digitized_from_figure;branch_inferred_from_point_order
NIST-MATDB-b425ac967ceb23a458c5e6f13f9dee6b,UiO-66-NH2,,10.1021acs.inorgchem.5b00435.Isotherm37,10.1021/acs.inorgchem.5b00435,experimental,273.0,0.002817,bar,49.06,394.94,cm3(STP)/g,0.31743,adsorption,,digitized_from_figure;branch_inferred_from_point_order
NIST-MATDB-b425ac967ceb23a458c5e6f13f9dee6b,UiO-66-NH2,,10.1021acs.inorgchem.5b00435.Isotherm37,10.1021/acs.inorgchem.5b00435,experimental,273.0,0.002878,bar,50.13,396.53,cm3(STP)/g,0.31871,adsorption,,digitized_from_figure;branch_inferred_from_point_order
NIST-MATDB-b425ac967ceb23a458c5e6f13f9dee6b,UiO-66-NH2,,10.1021acs.inorgchem.5b00435.Isotherm37,10.1021/acs.inorgchem.5b00435,experimental,273.0,0.002899,bar,50.49,397.78,cm3(STP)/g,0.31971,adsorption,,digitized_from_figure;branch_inferred_from_point_order
NIST-MATDB-b425ac967ceb23a458c5e6f13f9dee6b,UiO-66-NH2,,10.1021acs.inorgchem.5b00435.Isotherm37,10.1021/acs.inorgchem.5b00435,experimental,273.0,0.003002,bar,52.29,401.79,cm3(STP)/g,0.32293,adsorption,,digitized_from_figure;branch_inferred_from_point_order
NIST-MATDB-b425ac967ceb23a458c5e6f13f9dee6b,UiO-66-NH2,,10.1021acs.inorgchem.5b00435.Isotherm37,10.1021/acs.inorgchem.5b00435,experimental,273.0,0.003054,bar,53.19,403.21,cm3(STP)/g,0.32408,adsorption,,digitized_from_figure;branch_inferred_from_point_order
NIST-MATDB-b425ac967ceb23a458c5e6f13f9dee6b,UiO-66-NH2,,10.1021acs.inorgchem.5b00435.Isotherm37,10.1021/acs.inorgchem.5b00435,experimental,273.0,0.00313,bar,54.51,405.96,cm3(STP)/g,0.32629,adsorption,,digitized_from_figure;branch_inferred_from_point_order
NIST-MATDB-b425ac967ceb23a458c5e6f13f9dee6b,UiO-66-NH2,,10.1021acs.inorgchem.5b00435.Isotherm37,10.1021/acs.inorgchem.5b00435,experimental,273.0,0.003198,bar,55.7,408.72,cm3(STP)/g,0.3285,adsorption,,digitized_from_figure;branch_inferred_from_point_order
NIST-MATDB-b425ac967ceb23a458c5e6f13f9dee6b,UiO-66-NH2,,10.1021acs.inorgchem.5b00435.Isotherm37,10.1021/acs.inorgchem.5b00435,experimental,273.0,0.003245,bar,56.52,410.56,cm3(STP)/g,0.32998,adsorption,,digitized_from_figure;branch_inferred_from_point_order
NIST-MATDB-b425ac967ceb23a458c5e6f13f9dee6b,UiO-66-NH2,,10.1021acs.inorgchem.5b00435.Isotherm37,10.1021/acs.inorgchem.5b00435,experimental,273.0,0.003284,bar,57.2,412.06,cm3(STP)/g,0.33119,adsorption,,digitized_from_figure;branch_inferred_from_point_order
NIST-MATDB-b425ac967ceb23a458c5e6f13f9dee6b,UiO-66-NH2,,10.1021acs.inorgchem.5b00435.Isotherm37,10.1021/acs.inorgchem.5b00435,experimental,273.0,0.003386,bar,58.97,417.15,cm3(STP)/g,0.33528,adsorption,,digitized_from_figure;branch_inferred_from_point_order
NIST-MATDB-b425ac967ceb23a458c5e6f13f9dee6b,UiO-66-NH2,,10.1021acs.inorgchem.5b00435.Isotherm37,10.1021/acs.inorgchem.5b00435,experimental,273.0,0.003429,bar,59.72,419.24,cm3(STP)/g,0.33696,adsorption,,digitized_from_figure;branch_inferred_from_point_order
NIST-MATDB-b425ac967ceb23a458c5e6f13f9dee6b,UiO-66-NH2,,10.1021acs.inorgchem.5b00435.Isotherm37,10.1021/acs.inorgchem.5b00435,experimental,273.0,0.003524,bar,61.38,423.42,cm3(STP)/g,0.34032,adsorption,,digitized_from_figure;branch_inferred_from_point_order
NIST-MATDB-b425ac967ceb23a458c5e6f13f9dee6b,UiO-66-NH2,,10.1021acs.inorgchem.5b00435.Isotherm37,10.1021/acs.inorgchem.5b00435,experimental,273.0,0.00356,bar,62.0,424.59,cm3(STP)/g,0.34126,adsorption,,digitized_from_figure;branch_inferred_from_point_order
NIST-MATDB-b425ac967ceb23a458c5e6f13f9dee6b,UiO-66-NH2,,10.1021acs.inorgchem.5b00435.Isotherm37,10.1021/acs.inorgchem.5b00435,experimental,273.0,0.00365,bar,63.57,430.01,cm3(STP)/g,0.34562,adsorption,,digitized_from_figure;branch_inferred_from_point_order
NIST-MATDB-b425ac967ceb23a458c5e6f13f9dee6b,UiO-66-NH2,,10.1021acs.inorgchem.5b00435.Isotherm37,10.1021/acs.inorgchem.5b00435,experimental,273.0,0.003688,bar,64.23,431.18,cm3(STP)/g,0.34656,adsorption,,digitized_from_figure;branch_inferred_from_point_order
NIST-MATDB-b425ac967ceb23a458c5e6f13f9dee6b,UiO-66-NH2,,10.1021acs.inorgchem.5b00435.Isotherm37,10.1021/acs.inorgchem.5b00435,experimental,273.0,0.00377,bar,65.66,436.19,cm3(STP)/g,0.35058,adsorption,,digitized_from_figure;branch_inferred_from_point_order
NIST-MATDB-b425ac967ceb23a458c5e6f13f9dee6b,UiO-66-NH2,,10.1021acs.inorgchem.5b00435.Isotherm37,10.1021/acs.inorgchem.5b00435,experimental,273.0,0.003854,bar,67.12,440.95,cm3(STP)/g,0.35441,adsorption,,digitized_from_figure;branch_inferred_from_point_order
NIST-MATDB-b425ac967ceb23a458c5e6f13f9dee6b,UiO-66-NH2,,10.1021acs.inorgchem.5b00435.Isotherm37,10.1021/acs.inorgchem.5b00435,experimental,273.0,0.00389,bar,67.75,444.04,cm3(STP)/g,0.35689,adsorption,,digitized_from_figure;branch_inferred_from_point_order
NIST-MATDB-b425ac967ceb23a458c5e6f13f9dee6b,UiO-66-NH2,,10.1021acs.inorgchem.5b00435.Isotherm37,10.1021/acs.inorgchem.5b00435,experimental,273.0,0.00396,bar,68.97,448.63,cm3(STP)/g,0.36058,adsorption,,digitized_from_figure;branch_inferred_from_point_order
NIST-MATDB-b425ac967ceb23a458c5e6f13f9dee6b,UiO-66-NH2,,10.1021acs.inorgchem.5b00435.Isotherm37,10.1021/acs.inorgchem.5b00435,experimental,273.0,0.004025,bar,70.1,452.81,cm3(STP)/g,0.36394,adsorption,,digitized_from_figure;branch_inferred_from_point_order
NIST-MATDB-b425ac967ceb23a458c5e6f13f9dee6b,UiO-66-NH2,,10.1021acs.inorgchem.5b00435.Isotherm37,10.1021/acs.inorgchem.5b00435,experimental,273.0,0.004091,bar,71.25,458.07,cm3(STP)/g,0.36817,adsorption,,digitized_from_figure;branch_inferred_from_point_order
NIST-MATDB-b425ac967ceb23a458c5e6f13f9dee6b,UiO-66-NH2,,10.1021acs.inorgchem.5b00435.Isotherm37,10.1021/acs.inorgchem.5b00435,experimental,273.0,0.004158,bar,72.42,463.24,cm3(STP)/g,0.37232,adsorption,,digitized_from_figure;branch_inferred_from_point_order
NIST-MATDB-b425ac967ceb23a458c5e6f13f9dee6b,UiO-66-NH2,,10.1021acs.inorgchem.5b00435.Isotherm37,10.1021/acs.inorgchem.5b00435,experimental,273.0,0.004232,bar,73.71,471.26,cm3(STP)/g,0.37877,adsorption,,digitized_from_figure;branch_inferred_from_point_order
NIST-MATDB-b425ac967ceb23a458c5e6f13f9dee6b,UiO-66-NH2,,10.1021acs.inorgchem.5b00435.Isotherm37,10.1021/acs.inorgchem.5b00435,experimental,273.0,0.00429,bar,74.72,476.77,cm3(STP)/g,0.3832,adsorption,,digitized_from_figure;branch_inferred_from_point_order
NIST-MATDB-b425ac967ceb23a458c5e6f13f9dee6b,UiO-66-NH2,,10.1021acs.inorgchem.5b00435.Isotherm37,10.1021/acs.inorgchem.5b00435,experimental,273.0,0.004347,bar,75.71,482.61,cm3(STP)/g,0.38789,adsorption,,digitized_from_figure;branch_inferred_from_point_order
NIST-MATDB-b425ac967ceb23a458c5e6f13f9dee6b,UiO-66-NH2,,10.1021acs.inorgchem.5b00435.Isotherm37,10.1021/acs.inorgchem.5b00435,experimental,273.0,0.004422,bar,77.02,492.13,cm3(STP)/g,0.39554,adsorption,,digitized_from_figure;branch_inferred_from_point_order
NIST-MATDB-b425ac967ceb23a458c5e6f13f9dee6b,UiO-66-NH2,,10.1021acs.inorgchem.5b00435.Isotherm37,10.1021/acs.inorgchem.5b00435,experimental,273.0,0.004492,bar,78.24,501.06,cm3(STP)/g,0.40272,adsorption,,digitized_from_figure;branch_inferred_from_point_order
NIST-MATDB-b425ac967ceb23a458c5e6f13f9dee6b,UiO-66-NH2,,10.1021acs.inorgchem.5b00435.Isotherm37,10.1021/acs.inorgchem.5b00435,experimental,273.0,0.004554,bar,79.32,510.49,cm3(STP)/g,0.4103,adsorption,,digitized_from_figure;branch_inferred_from_point_order
NIST-MATDB-b425ac967ceb23a458c5e6f13f9dee6b,UiO-66-NH2,,10.1021acs.inorgchem.5b00435.Isotherm37,10.1021/acs.inorgchem.5b00435,experimental,273.0,0.00462,bar,80.47,519.68,cm3(STP)/g,0.41769,adsorption,,digitized_from_figure;branch_inferred_from_point_order
NIST-MATDB-b425ac967ceb23a458c5e6f13f9dee6b,UiO-66-NH2,,10.1021acs.inorgchem.5b00435.Isotherm37,10.1021/acs.inorgchem.5b00435,experimental,273.0,0.004677,bar,81.46,530.7,cm3(STP)/g,0.42654,adsorption,,digitized_from_figure;branch_inferred_from_point_order
NIST-MATDB-b425ac967ceb23a458c5e6f13f9dee6b,UiO-66-NH2,,10.1021acs.inorgchem.5b00435.Isotherm37,10.1021/acs.inorgchem.5b00435,experimental,273.0,0.004701,bar,81.88,533.87,cm3(STP)/g,0.42909,adsorption,,digitized_from_figure;branch_inferred_from_point_order
NIST-MATDB-b425ac967ceb23a458c5e6f13f9dee6b,UiO-66-NH2,,10.1021acs.inorgchem.5b00435.Isotherm37,10.1021/acs.inorgchem.5b00435,experimental,273.0,0.004737,bar,82.5,542.47,cm3(STP)/g,0.436,adsorption,,digitized_from_figure;branch_inferred_from_point_order
NIST-MATDB-b425ac967ceb23a458c5e6f13f9dee6b,UiO-66-NH2,,10.1021acs.inorgchem.5b00435.Isotherm37,10.1021/acs.inorgchem.5b00435,experimental,273.0,0.004787,bar,83.37,549.23,cm3(STP)/g,0.44144,adsorption,,digitized_from_figure;branch_inferred_from_point_order
NIST-MATDB-b425ac967ceb23a458c5e6f13f9dee6b,UiO-66-NH2,,10.1021acs.inorgchem.5b00435.Isotherm37,10.1021/acs.inorgchem.5b00435,experimental,273.0,0.004802,bar,83.64,558.16,cm3(STP)/g,0.44861,adsorption,,digitized_from_figure;branch_inferred_from_point_order
NIST-MATDB-b425ac967ceb23a458c5e6f13f9dee6b,UiO-66-NH2,,10.1021acs.inorgchem.5b00435.Isotherm37,10.1021/acs.inorgchem.5b00435,experimental,273.0,0.004851,bar,84.49,569.1,cm3(STP)/g,0.45741,adsorption,,digitized_from_figure;branch_inferred_from_point_order
NIST-MATDB-b425ac967ceb23a458c5e6f13f9dee6b,UiO-66-NH2,,10.1021acs.inorgchem.5b00435.Isotherm37,10.1021/acs.inorgchem.5b00435,experimental,273.0,0.004875,bar,84.91,580.11,cm3(STP)/g,0.46626,adsorption,,digitized_from_figure;branch_inferred_from_point_order
NIST-MATDB-b425ac967ceb23a458c5e6f13f9dee6b,UiO-66-NH2,,10.1021acs.inorgchem.5b00435.Isotherm37,10.1021/acs.inorgchem.5b00435,experimental,273.0,0.004925,bar,85.78,589.38,cm3(STP)/g,0.47371,adsorption,,digitized_from_figure;branch_inferred_from_point_order
NIST-MATDB-b425ac967ceb23a458c5e6f13f9dee6b,UiO-66-NH2,,10.1021acs.inorgchem.5b00435.Isotherm37,10.1021/acs.inorgchem.5b00435,experimental,273.0,0.004947,bar,86.16,600.15,cm3(STP)/g,0.48236,adsorption,,digitized_from_figure;branch_inferred_from_point_order
NIST-MATDB-b425ac967ceb23a458c5e6f13f9dee6b,UiO-66-NH2,,10.1021acs.inorgchem.5b00435.Isotherm37,10.1021/acs.inorgchem.5b00435,experimental,273.0,0.004963,bar,86.44,602.07,cm3(STP)/g,0.48391,adsorption,,digitized_from_figure;branch_inferred_from_point_order
NIST-MATDB-b425ac967ceb23a458c5e6f13f9dee6b,UiO-66-NH2,,10.1021acs.inorgchem.5b00435.Isotherm37,10.1021/acs.inorgchem.5b00435,experimental,273.0,0.005001,bar,87.1,612.59,cm3(STP)/g,0.49236,adsorption,,digitized_from_figure;branch_inferred_from_point_order
NIST-MATDB-b425ac967ceb23a458c5e6f13f9dee6b,UiO-66-NH2,,10.1021acs.inorgchem.5b00435.Isotherm37,10.1021/acs.inorgchem.5b00435,experimental,273.0,0.005004,bar,87.15,622.77,cm3(STP)/g,0.50054,adsorption,,digitized_from_figure;branch_inferred_from_point_order
NIST-MATDB-b425ac967ceb23a458c5e6f13f9dee6b,UiO-66-NH2,,10.1021acs.inorgchem.5b00435.Isotherm37,10.1021/acs.inorgchem.5b00435,experimental,273.0,0.005028,bar,87.57,630.95,cm3(STP)/g,0.50712,adsorption,,digitized_from_figure;branch_inferred_from_point_order
NIST-MATDB-b425ac967ceb23a458c5e6f13f9dee6b,UiO-66-NH2,,10.1021acs.inorgchem.5b00435.Isotherm37,10.1021/acs.inorgchem.5b00435,experimental,273.0,0.005046,bar,87.89,638.38,cm3(STP)/g,0.51309,adsorption,,digitized_from_figure;branch_inferred_from_point_order
NIST-MATDB-b425ac967ceb23a458c5e6f13f9dee6b,UiO-66-NH2,,10.1021acs.inorgchem.5b00435.Isotherm37,10.1021/acs.inorgchem.5b00435,experimental,273.0,0.005068,bar,88.27,650.23,cm3(STP)/g,0.52262,adsorption,,digitized_from_figure;branch_inferred_from_point_order
NIST-MATDB-b425ac967ceb23a458c5e6f13f9dee6b,UiO-66-NH2,,10.1021acs.inorgchem.5b00435.Isotherm37,10.1021/acs.inorgchem.5b00435,experimental,273.0,0.005096,bar,88.76,661.34,cm3(STP)/g,0.53154,adsorption,,digitized_from_figure;branch_inferred_from_point_order
NIST-MATDB-b425ac967ceb23a458c5e6f13f9dee6b,UiO-66-NH2,,10.1021acs.inorgchem.5b00435.Isotherm37,10.1021/acs.inorgchem.5b00435,experimental,273.0,0.005113,bar,89.05,671.44,cm3(STP)/g,0.53966,adsorption,,digitized_from_figure;branch_inferred_from_point_order
NIST-MATDB-b425ac967ceb23a458c5e6f13f9dee6b,UiO-66-NH2,,10.1021acs.inorgchem.5b00435.Isotherm37,10.1021/acs.inorgchem.5b00435,experimental,273.0,0.00513,bar,89.35,681.54,cm3(STP)/g,0.54778,adsorption,,digitized_from_figure;branch_inferred_from_point_order
NIST-MATDB-b425ac967ceb23a458c5e6f13f9dee6b,UiO-66-NH2,,10.1021acs.inorgchem.5b00435.Isotherm37,10.1021/acs.inorgchem.5b00435,experimental,273.0,0.005159,bar,89.85,692.22,cm3(STP)/g,0.55636,adsorption,,digitized_from_figure;branch_inferred_from_point_order
NIST-MATDB-b425ac967ceb23a458c5e6f13f9dee6b,UiO-66-NH2,,10.1021acs.inorgchem.5b00435.Isotherm37,10.1021/acs.inorgchem.5b00435,experimental,273.0,0.005176,bar,90.15,703.83,cm3(STP)/g,0.5657,adsorption,,digitized_from_figure;branch_inferred_from_point_order
NIST-MATDB-b425ac967ceb23a458c5e6f13f9dee6b,UiO-66-NH2,,10.1021acs.inorgchem.5b00435.Isotherm37,10.1021/acs.inorgchem.5b00435,experimental,273.0,0.005195,bar,90.48,713.51,cm3(STP)/g,0.57348,adsorption,,digitized_from_figure;branch_inferred_from_point_order
NIST-MATDB-b425ac967ceb23a458c5e6f13f9dee6b,UiO-66-NH2,,10.1021acs.inorgchem.5b00435.Isotherm37,10.1021/acs.inorgchem.5b00435,experimental,273.0,0.005224,bar,90.99,723.78,cm3(STP)/g,0.58173,adsorption,,digitized_from_figure;branch_inferred_from_point_order
NIST-MATDB-b425ac967ceb23a458c5e6f13f9dee6b,UiO-66-NH2,,10.1021acs.inorgchem.5b00435.Isotherm37,10.1021/acs.inorgchem.5b00435,experimental,273.0,0.005243,bar,91.32,734.54,cm3(STP)/g,0.59038,adsorption,,digitized_from_figure;branch_inferred_from_point_order
NIST-MATDB-b425ac967ceb23a458c5e6f13f9dee6b,UiO-66-NH2,,10.1021acs.inorgchem.5b00435.Isotherm37,10.1021/acs.inorgchem.5b00435,experimental,273.0,0.005266,bar,91.72,744.39,cm3(STP)/g,0.5983,adsorption,,digitized_from_figure;branch_inferred_from_point_order
NIST-MATDB-b425ac967ceb23a458c5e6f13f9dee6b,UiO-66-NH2,,10.1021acs.inorgchem.5b00435.Isotherm37,10.1021/acs.inorgchem.5b00435,experimental,273.0,0.005294,bar,92.2,755.16,cm3(STP)/g,0.60695,adsorption,,digitized_from_figure;branch_inferred_from_point_order
NIST-MATDB-b425ac967ceb23a458c5e6f13f9dee6b,UiO-66-NH2,,10.1021acs.inorgchem.5b00435.Isotherm37,10.1021/acs.inorgchem.5b00435,experimental,273.0,0.005318,bar,92.62,766.77,cm3(STP)/g,0.61628,adsorption,,digitized_from_figure;branch_inferred_from_point_order
NIST-MATDB-b425ac967ceb23a458c5e6f13f9dee6b,UiO-66-NH2,,10.1021acs.inorgchem.5b00435.Isotherm37,10.1021/acs.inorgchem.5b00435,experimental,273.0,0.005342,bar,93.04,775.03,cm3(STP)/g,0.62292,adsorption,,digitized_from_figure;branch_inferred_from_point_order
NIST-MATDB-b425ac967ceb23a458c5e6f13f9dee6b,UiO-66-NH2,,10.1021acs.inorgchem.5b00435.Isotherm37,10.1021/acs.inorgchem.5b00435,experimental,273.0,0.005381,bar,93.72,787.55,cm3(STP)/g,0.63298,adsorption,,digitized_from_figure;branch_inferred_from_point_order
NIST-MATDB-b425ac967ceb23a458c5e6f13f9dee6b,UiO-66-NH2,,10.1021acs.inorgchem.5b00435.Isotherm37,10.1021/acs.inorgchem.5b00435,experimental,273.0,0.005388,bar,93.84,795.9,cm3(STP)/g,0.6397,adsorption,,digitized_from_figure;branch_inferred_from_point_order
NIST-MATDB-b425ac967ceb23a458c5e6f13f9dee6b,UiO-66-NH2,,10.1021acs.inorgchem.5b00435.Isotherm37,10.1021/acs.inorgchem.5b00435,experimental,273.0,0.005428,bar,94.54,807.42,cm3(STP)/g,0.64895,adsorption,,digitized_from_figure;branch_inferred_from_point_order
NIST-MATDB-b425ac967ceb23a458c5e6f13f9dee6b,UiO-66-NH2,,10.1021acs.inorgchem.5b00435.Isotherm37,10.1021/acs.inorgchem.5b00435,experimental,273.0,0.005442,bar,94.78,817.27,cm3(STP)/g,0.65687,adsorption,,digitized_from_figure;branch_inferred_from_point_order
NIST-MATDB-b425ac967ceb23a458c5e6f13f9dee6b,UiO-66-NH2,,10.1021acs.inorgchem.5b00435.Isotherm37,10.1021/acs.inorgchem.5b00435,experimental,273.0,0.005486,bar,95.55,824.78,cm3(STP)/g,0.66291,adsorption,,digitized_from_figure;branch_inferred_from_point_order
NIST-MATDB-b425ac967ceb23a458c5e6f13f9dee6b,UiO-66-NH2,,10.1021acs.inorgchem.5b00435.Isotherm37,10.1021/acs.inorgchem.5b00435,experimental,273.0,0.005505,bar,95.88,833.46,cm3(STP)/g,0.66988,adsorption,,digitized_from_figure;branch_inferred_from_point_order
NIST-MATDB-b425ac967ceb23a458c5e6f13f9dee6b,UiO-66-NH2,,10.1021acs.inorgchem.5b00435.Isotherm37,10.1021/acs.inorgchem.5b00435,experimental,273.0,0.005535,bar,96.4,838.14,cm3(STP)/g,0.67365,adsorption,,digitized_from_figure;branch_inferred_from_point_order
NIST-MATDB-b425ac967ceb23a458c5e6f13f9dee6b,UiO-66-NH2,,10.1021acs.inorgchem.5b00435.Isotherm37,10.1021/acs.inorgchem.5b00435,experimental,273.0,0.005564,bar,96.91,848.91,cm3(STP)/g,0.6823,adsorption,,digitized_from_figure;branch_inferred_from_point_order
NIST-MATDB-b425ac967ceb23a458c5e6f13f9dee6b,UiO-66-NH2,,10.1021acs.inorgchem.5b00435.Isotherm37,10.1021/acs.inorgchem.5b00435,experimental,273.0,0.005599,bar,97.52,852.25,cm3(STP)/g,0.68499,adsorption,,digitized_from_figure;branch_inferred_from_point_order
NIST-MATDB-b425ac967ceb23a458c5e6f13f9dee6b,UiO-66-NH2,,10.1021acs.inorgchem.5b00435.Isotherm37,10.1021/acs.inorgchem.5b00435,experimental,273.0,0.005639,bar,98.21,863.93,cm3(STP)/g,0.69437,adsorption,,digitized_from_figure;branch_inferred_from_point_order
NIST-MATDB-b425ac967ceb23a458c5e6f13f9dee6b,UiO-66-NH2,,10.1021acs.inorgchem.5b00435.Isotherm37,10.1021/acs.inorgchem.5b00435,experimental,273.0,0.005749,bar,100.0,870.95,cm3(STP)/g,0.70002,adsorption,,digitized_from_figure;branch_inferred_from_point_order
NIST-MATDB-5ab0dbe0639729711750ef4b97715f0f,UiO-66,,10.1021acs.inorgchem.5b00435.Isotherm40,10.1021/acs.inorgchem.5b00435,experimental,273.0,0.000228,bar,3.97,3.84,cm3(STP)/g,0.00309,adsorption,,digitized_from_figure;branch_inferred_from_point_order
NIST-MATDB-5ab0dbe0639729711750ef4b97715f0f,UiO-66,,10.1021acs.inorgchem.5b00435.Isotherm40,10.1021/acs.inorgchem.5b00435,experimental,273.0,0.000282,bar,4.91,5.59,cm3(STP)/g,0.00449,adsorption,,digitized_from_figure;branch_inferred_from_point_order
NIST-MATDB-5ab0dbe0639729711750ef4b97715f0f,UiO-66,,10.1021acs.inorgchem.5b00435.Isotherm40,10.1021/acs.inorgchem.5b00435,experimental,273.0,0.000356,bar,6.2,7.93,cm3(STP)/g,0.00637,adsorption,,digitized_from_figure;branch_inferred_from_point_order
NIST-MATDB-5ab0dbe0639729711750ef4b97715f0f,UiO-66,,10.1021acs.inorgchem.5b00435.Isotherm40,10.1021/acs.inorgchem.5b00435,experimental,273.0,0.000411,bar,7.16,10.76,cm3(STP)/g,0.00865,adsorption,,digitized_from_figure;branch_inferred_from_point_order
NIST-MATDB-5ab0dbe0639729711750ef4b97715f0f,UiO-66,,10.1021acs.inorgchem.5b00435.Isotherm40,10.1021/acs.inorgchem.5b00435,experimental,273.0,0.000456,bar,7.94,11.68,cm3(STP)/g,0.00939,adsorption,,digitized_from_figure;branch_inferred_from_point_order
NIST-MATDB-5ab0dbe0639729711750ef4b97715f0f,UiO-66,,10.1021acs.inorgchem.5b00435.Isotherm40,10.1021/acs.inorgchem.5b00435,experimental,273.0,0.00051,bar,8.88,13.52,cm3(STP)/g,0.01087,adsorption,,digitized_from_figure;branch_inferred_from_point_order
NIST-MATDB-5ab0dbe0639729711750ef4b97715f0f,UiO-66,,10.1021acs.inorgchem.5b00435.Isotherm40,10.1021/acs.inorgchem.5b00435,experimental,273.0,0.000565,bar,9.84,15.77,cm3(STP)/g,0.01267,adsorption,,digitized_from_figure;branch_inferred_from_point_order
NIST-MATDB-5ab0dbe0639729711750ef4b97715f0f,UiO-66,,10.1021acs.inorgchem.5b00435.Isotherm40,10.1021/acs.inorgchem.5b00435,experimental,273.0,0.000643,bar,11.2,18.19,cm3(STP)/g,0.01462,adsorption,,digitized_from_figure;branch_inferred_from_point_order
NIST-MATDB-5ab0dbe0639729711750ef4b97715f0f,UiO-66,,10.1021acs.inorgchem.5b00435.Isotherm40,10.1021/acs.inorgchem.5b00435,experimental,273.0,0.00069,bar,12.02,19.86,cm3(STP)/g,0.01596,adsorption,,digitized_from_figure;branch_inferred_from_point_order
NIST-MATDB-5ab0dbe0639729711750ef4b97715f0f,UiO-66,,10.1021acs.inorgchem.5b00435.Isotherm40,10.1021/acs.inorgchem.5b00435,experimental,273.0,0.000746,bar,12.99,21.61,cm3(STP)/g,0.01737,adsorption,,digitized_from_figure;branch_inferred_from_point_order
NIST-MATDB-5ab0dbe0639729711750ef4b97715f0f,UiO-66,,10.1021acs.inorgchem.5b00435.Isotherm40,10.1021/acs.inorgchem.5b00435,experimental,273.0,0.000818,bar,14.25,24.03,cm3(STP)/g,0.01931,adsorption,,digitized_from_figure;branch_inferred_from_point_order
NIST-MATDB-5ab0dbe0639729711750ef4b97715f0f,UiO-66,,10.1021acs.inorgchem.5b00435.Isotherm40,10.1021/acs.inorgchem.5b00435,experimental,273.0,0.000875,bar,15.24,25.87,cm3(STP)/g,0.02079,adsorption,,digitized_from_figure;branch_inferred_from_point_order
NIST-MATDB-5ab0dbe0639729711750ef4b97715f0f,UiO-66,,10.1021acs.inorgchem.5b00435.Isotherm40,10.1021/acs.inorgchem.5b00435,experimental,273.0,0.00093,bar,16.2,26.79,cm3(STP)/g,0.02153,adsorption,,digitized_from_figure;branch_inferred_from_point_order
NIST-MATDB-5ab0dbe0639729711750ef4b97715f0f,UiO-66,,10.1021acs.inorgchem.5b00435.Isotherm40,10.1021/acs.inorgchem.5b00435,experimental,273.0,0.000993,bar,17.29,28.37,cm3(STP)/g,0.0228,adsorption,,digitized_from_figure;branch_inferred_from_point_order
NIST-MATDB-5ab0dbe0639729711750ef4b97715f0f,UiO-66,,10.1021acs.inorgchem.5b00435.Isotherm40,10.1021/acs.inorgchem.5b00435,experimental,273.0,0.001054,bar,18.36,31.21,cm3(STP)/g,0.02508,adsorption,,digitized_from_figure;branch_inferred_from_point_order
NIST-MATDB-5ab0dbe0639729711750ef4b97715f0f,UiO-66,,10.1021acs.inorgchem.5b00435.Isotherm40,10.1021/acs.inorgchem.5b00435,experimental,273.0,0.00111,bar,19.33,33.46,cm3(STP)/g,0.02689,adsorption,,digitized_from_figure;branch_inferred_from_point_order
NIST-MATDB-5ab0dbe0639729711750ef4b97715f0f,UiO-66,,10.1021acs.inorgchem.5b00435.Isotherm40,10.1021/acs.inorgchem.5b00435,experimental,273.0,0.001167,bar,20.33,35.13,cm3(STP)/g,0.02824,adsorption,,digitized_from_figure;branch_inferred_from_point_order
NIST-MATDB-5ab0dbe0639729711750ef4b97715f0f,UiO-66,,10.1021acs.inorgchem.5b00435.Isotherm40,10.1021/acs.inorgchem.5b00435,experimental,273.0,0.001231,bar,21.44,43.39,cm3(STP)/g,0.03487,adsorption,,digitized_from_figure;branch_inferred_from_point_order
NIST-MATDB-5ab0dbe0639729711750ef4b97715f0f,UiO-66,,10.1021acs.inorgchem.5b00435.Isotherm40,10.1021/acs.inorgchem.5b00435,experimental,273.0,0.001284,bar,22.36,48.48,cm3(STP)/g,0.03897,adsorption,,digitized_from_figure;branch_inferred_from_point_order
NIST-MATDB-5ab0dbe0639729711750ef4b97715f0f,UiO-66,,10.1021acs.inorgchem.5b00435.Isotherm40,10.1021/acs.inorgchem.5b00435,experimental,273.0,0.001345,bar,23.43,55.08,cm3(STP)/g,0.04427,adsorption,,digitized_from_figure;branch_inferred_from_point_order
NIST-MATDB-5ab0dbe0639729711750ef4b97715f0f,UiO-66,,10.1021acs.inorgchem.5b00435.Isotherm40,10.1021/acs.inorgchem.5b00435,experimental,273.0,0.001612,bar,28.08,93.38,cm3(STP)/g,0.07505,adsorption,,digitized_from_figure;branch_inferred_from_point_order
NIST-MATDB-5ab0dbe0639729711750ef4b97715f0f,UiO-66,,10.1021acs.inorgchem.5b00435.Isotherm40,10.1021/acs.inorgchem.5b00435,experimental,273.0,0.001802,bar,31.39,139.36,cm3(STP)/g,0.11201,adsorption,,digitized_from_figure;branch_inferred_from_point_order
NIST-MATDB-5ab0dbe0639729711750ef4b97715f0f,UiO-66,,10.1021acs.inorgchem.5b00435.Isotherm40,10.1021/acs.inorgchem.5b00435,experimental,273.0,0.001861,bar,32.41,152.04,cm3(STP)/g,0.1222,adsorption,,digitized_from_figure;branch_inferred_from_point_order
NIST-MATDB-5ab0dbe0639729711750ef4b97715f0f,UiO-66,,10.1021acs.inorgchem.5b00435.Isotherm40,10.1021/acs.inorgchem.5b00435,experimental,273.0,0.001915,bar,33.35,165.23,cm3(STP)/g,0.1328,adsorption,,digitized_from_figure;branch_inferred_from_point_order
NIST-MATDB-5ab0dbe0639729711750ef4b97715f0f,UiO-66,,10.1021acs.inorgchem.5b00435.Isotherm40,10.1021/acs.inorgchem.5b00435,experimental,273.0,0.002048,bar,35.67,183.25,cm3(STP)/g,0.14729,adsorption,,digitized_from_figure;branch_inferred_from_point_order
NIST-MATDB-5ab0dbe0639729711750ef4b97715f0f,UiO-66,,10.1021acs.inorgchem.5b00435.Isotherm40,10.1021/acs.inorgchem.5b00435,experimental,273.0,0.002098,bar,36.54,188.09,cm3(STP)/g,0.15118,adsorption,,digitized_from_figure;branch_inferred_from_point_order
NIST-MATDB-5ab0dbe0639729711750ef4b97715f0f,UiO-66,,10.1021acs.inorgchem.5b00435.Isotherm40,10.1021/acs.inorgchem.5b00435,experimental,273.0,0.00217,bar,37.79,197.19,cm3(STP)/g,0.15849,adsorption,,digitized_from_figure;branch_inferred_from_point_order
NIST-MATDB-5ab0dbe0639729711750ef4b97715f0f,UiO-66,,10.1021acs.inorgchem.5b00435.Isotherm40,10.1021/acs.inorgchem.5b00435,experimental,273.0,0.002213,bar,38.54,203.62,cm3(STP)/g,0.16366,adsorption,,digitized_from_figure;branch_inferred_from_point_order
NIST-MATDB-5ab0dbe0639729711750ef4b97715f0f,UiO-66,,10.1021acs.inorgchem.5b00435.Isotherm40,10.1021/acs.inorgchem.5b00435,experimental,273.0,0.002288,bar,39.85,212.38,cm3(STP)/g,0.1707,adsorption,,digitized_from_figure;branch_inferred_from_point_order
NIST-MATDB-5ab0dbe0639729711750ef4b97715f0f,UiO-66,,10.1021acs.inorgchem.5b00435.Isotherm40,10.1021/acs.inorgchem.5b00435,experimental,273.0,0.002334,bar,40.65,219.3,cm3(STP)/g,0.17626,adsorption,,digitized_from_figure;branch_inferred_from_point_order
NIST-MATDB-5ab0dbe0639729711750ef4b97715f0f,UiO-66,,10.1021acs.inorgchem.5b00435.Isotherm40,10.1021/acs.inorgchem.5b00435,experimental,273.0,0.002393,bar,41.68,226.98,cm3(STP)/g,0.18243,adsorption,,digitized_from_figure;branch_inferred_from_point_order
NIST-MATDB-5ab0dbe0639729711750ef4b97715f0f,UiO-66,,10.1021acs.inorgchem.5b00435.Isotherm40,10.1021/acs.inorgchem.5b00435,experimental,273.0,0.002449,bar,42.65,231.4,cm3(STP)/g,0.18599,adsorption,,digitized_from_figure;branch_inferred_from_point_order
NIST-MATDB-5ab0dbe0639729711750ef4b97715f0f,UiO-66,,10.1021acs.inorgchem.5b00435.Isotherm40,10.1021/acs.inorgchem.5b00435,experimental,273.0,0.002517,bar,43.84,236.66,cm3(STP)/g,0.19021,adsorption,,digitized_from_figure;branch_inferred_from_point_order
NIST-MATDB-5ab0dbe0639729711750ef4b97715f0f,UiO-66,,10.1021acs.inorgchem.5b00435.Isotherm40,10.1021/acs.inorgchem.5b00435,experimental,273.0,0.002576,bar,44.87,242.09,cm3(STP)/g,0.19458,adsorption,,digitized_from_figure;branch_inferred_from_point_order
NIST-MATDB-5ab0dbe0639729711750ef4b97715f0f,UiO-66,,10.1021acs.inorgchem.5b00435.Isotherm40,10.1021/acs.inorgchem.5b00435,experimental,273.0,0.00263,bar,45.81,243.5,cm3(STP)/g,0.19571,adsorption,,digitized_from_figure;branch_inferred_from_point_order
NIST-MATDB-5ab0dbe0639729711750ef4b97715f0f,UiO-66,,10.1021acs.inorgchem.5b00435.Isotherm40,10.1021/acs.inorgchem.5b00435,experimental,273.0,0.002706,bar,47.13,249.51,cm3(STP)/g,0.20054,adsorption,,digitized_from_figure;branch_inferred_from_point_order
NIST-MATDB-5ab0dbe0639729711750ef4b97715f0f,UiO-66,,10.1021acs.inorgchem.5b00435.Isotherm40,10.1021/acs.inorgchem.5b00435,experimental,273.0,0.002748,bar,47.86,251.02,cm3(STP)/g,0.20175,adsorption,,digitized_from_figure;branch_inferred_from_point_order
NIST-MATDB-5ab0dbe0639729711750ef4b97715f0f,UiO-66,,10.1021acs.inorgchem.5b00435.Isotherm40,10.1021/acs.inorgchem.5b00435,experimental,273.0,0.002828,bar,49.25,252.77,cm3(STP)/g,0.20316,adsorption,,digitized_from_figure;branch_inferred_from_point_order
NIST-MATDB-5ab0dbe0639729711750ef4b97715f0f,UiO-66,,10.1021acs.inorgchem.5b00435.Isotherm40,10.1021/acs.inorgchem.5b00435,experimental,273.0,0.002912,bar,50.72,256.77,cm3(STP)/g,0.20638,adsorption,,digitized_from_figure;branch_inferred_from_point_order
NIST-MATDB-5ab0dbe0639729711750ef4b97715f0f,UiO-66,,10.1021acs.inorgchem.5b00435.Isotherm40,10.1021/acs.inorgchem.5b00435,experimental,273.0,0.002969,bar,51.71,259.94,cm3(STP)/g,0.20892,adsorption,,digitized_from_figure;branch_inferred_from_point_order
NIST-MATDB-5ab0dbe0639729711750ef4b97715f0f,UiO-66,,10.1021acs.inorgchem.5b00435.Isotherm40,10.1021/acs.inorgchem.5b00435,experimental,273.0,0.003033,bar,52.83,261.45,cm3(STP)/g,0.21014,adsorption,,digitized_from_figure;branch_inferred_from_point_order
NIST-MATDB-5ab0dbe0639729711750ef4b97715f0f,UiO-66,,10.1021acs.inorgchem.5b00435.Isotherm40,10.1021/acs.inorgchem.5b00435,experimental,273.0,0.003108,bar,54.13,262.78,cm3(STP)/g,0.21121,adsorption,,digitized_from_figure;branch_inferred_from_point_order
NIST-MATDB-5ab0dbe0639729711750ef4b97715f0f,UiO-66,,10.1021acs.inorgchem.5b00435.Isotherm40,10.1021/acs.inorgchem.5b00435,experimental,273.0,0.003172,bar,55.25,264.53,cm3(STP)/g,0.21261,adsorption,,digitized_from_figure;branch_inferred_from_point_order
NIST-MATDB-5ab0dbe0639729711750ef4b97715f0f,UiO-66,,10.1021acs.inorgchem.5b00435.Isotherm40,10.1021/acs.inorgchem.5b00435,experimental,273.0,0.003291,bar,57.32,267.12,cm3(STP)/g,0.21469,adsorption,,digitized_from_figure;branch_inferred_from_point_order
NIST-MATDB-5ab0dbe0639729711750ef4b97715f0f,UiO-66,,10.1021acs.inorgchem.5b00435.Isotherm40,10.1021/acs.inorgchem.5b00435,experimental,273.0,0.003351,bar,58.36,268.29,cm3(STP)/g,0.21564,adsorption,,digitized_from_figure;branch_inferred_from_point_order
NIST-MATDB-5ab0dbe0639729711750ef4b97715f0f,UiO-66,,10.1021acs.inorgchem.5b00435.Isotherm40,10.1021/acs.inorgchem.5b00435,experimental,273.0,0.003491,bar,60.8,272.13,cm3(STP)/g,0.21872,adsorption,,digitized_from_figure;branch_inferred_from_point_order
NIST-MATDB-5ab0dbe0639729711750ef4b97715f0f,UiO-66,,10.1021acs.inorgchem.5b00435.Isotherm40,10.1021/acs.inorgchem.5b00435,experimental,273.0,0.003588,bar,62.49,274.3,cm3(STP)/g,0.22047,adsorption,,digitized_from_figure;branch_inferred_from_point_order
NIST-MATDB-5ab0dbe0639729711750ef4b97715f0f,UiO-66,,10.1021acs.inorgchem.5b00435.Isotherm40,10.1021/acs.inorgchem.5b00435,experimental,273.0,0.003653,bar,63.62,276.55,cm3(STP)/g,0.22227,adsorption,,digitized_from_figure;branch_inferred_from_point_order
NIST-MATDB-5ab0dbe0639729711750ef4b97715f0f,UiO-66,,10.1021acs.inorgchem.5b00435.Isotherm40,10.1021/acs.inorgchem.5b00435,experimental,273.0,0.003706,bar,64.55,277.97,cm3(STP)/g,0.22342,adsorption,,digitized_from_figure;branch_inferred_from_point_order
NIST-MATDB-5ab0dbe0639729711750ef4b97715f0f,UiO-66,,10.1021acs.inorgchem.5b00435.Isotherm40,10.1021/acs.inorgchem.5b00435,experimental,273.0,0.003756,bar,65.42,279.81,cm3(STP)/g,0.22489,adsorption,,digitized_from_figure;branch_inferred_from_point_order
NIST-MATDB-5ab0dbe0639729711750ef4b97715f0f,UiO-66,,10.1021acs.inorgchem.5b00435.Isotherm40,10.1021/acs.inorgchem.5b00435,experimental,273.0,0.003845,bar,66.97,281.22,cm3(STP)/g,0.22603,adsorption,,digitized_from_figure;branch_inferred_from_point_order
NIST-MATDB-5ab0dbe0639729711750ef4b97715f0f,UiO-66,,10.1021acs.inorgchem.5b00435.Isotherm40,10.1021/acs.inorgchem.5b00435,experimental,273.0,0.003912,bar,68.13,283.89,cm3(STP)/g,0.22817,adsorption,,digitized_from_figure;branch_inferred_from_point_order
NIST-MATDB-5ab0dbe0639729711750ef4b97715f0f,UiO-66,,10.1021acs.inorgchem.5b00435.Isotherm40,10.1021/acs.inorgchem.5b00435,experimental,273.0,0.003972,bar,69.18,285.15,cm3(STP)/g,0.22919,adsorption,,digitized_from_figure;branch_inferred_from_point_order
NIST-MATDB-5ab0dbe0639729711750ef4b97715f0f,UiO-66,,10.1021acs.inorgchem.5b00435.Isotherm40,10.1021/acs.inorgchem.5b00435,experimental,273.0,0.004015,bar,69.93,285.56,cm3(STP)/g,0.22952,adsorption,,digitized_from_figure;branch_inferred_from_point_order
NIST-MATDB-5ab0dbe0639729711750ef4b97715f0f,UiO-66,,10.1021acs.inorgchem.5b00435.Isotherm40,10.1021/acs.inorgchem.5b00435,experimental,273.0,0.004118,bar,71.72,286.82,cm3(STP)/g,0.23053,adsorption,,digitized_from_figure;branch_inferred_from_point_order
NIST-MATDB-5ab0dbe0639729711750ef4b97715f0f,UiO-66,,10.1021acs.inorgchem.5b00435.Isotherm40,10.1021/acs.inorgchem.5b00435,experimental,273.0,0.004174,bar,72.7,289.57,cm3(STP)/g,0.23274,adsorption,,digitized_from_figure;branch_inferred_from_point_order
NIST-MATDB-5ab0dbe0639729711750ef4b97715f0f,UiO-66,,10.1021acs.inorgchem.5b00435.Isotherm40,10.1021/acs.inorgchem.5b00435,experimental,273.0,0.004229,bar,73.66,291.82,cm3(STP)/g,0.23455,adsorption,,digitized_from_figure;branch_inferred_from_point_order
NIST-MATDB-5ab0dbe0639729711750ef4b97715f0f,UiO-66,,10.1021acs.inorgchem.5b00435.Isotherm40,10.1021/acs.inorgchem.5b00435,experimental,273.0,0.004287,bar,74.67,293.07,cm3(STP)/g,0.23555,adsorption,,digitized_from_figure;branch_inferred_from_point_order
NIST-MATDB-5ab0dbe0639729711750ef4b97715f0f,UiO-66,,10.1021acs.inorgchem.5b00435.Isotherm40,10.1021/acs.inorgchem.5b00435,experimental,273.0,0.004339,bar,75.57,292.82,cm3(STP)/g,0.23535,adsorption,,digitized_from_figure;branch_inferred_from_point_order
NIST-MATDB-5ab0dbe0639729711750ef4b97715f0f,UiO-66,,10.1021acs.inorgchem.5b00435.Isotherm40,10.1021/acs.inorgchem.5b00435,experimental,273.0,0.004411,bar,76.83,295.99,cm3(STP)/g,0.2379,adsorption,,digitized_from_figure;branch_inferred_from_point_order
NIST-MATDB-5ab0dbe0639729711750ef4b97715f0f,UiO-66,,10.1021acs.inorgchem.5b00435.Isotherm40,10.1021/acs.inorgchem.5b00435,experimental,273.0,0.004478,bar,77.99,296.5,cm3(STP)/g,0.23831,adsorption,,digitized_from_figure;branch_inferred_from_point_order
NIST-MATDB-5ab0dbe0639729711750ef4b97715f0f,UiO-66,,10.1021acs.inorgchem.5b00435.Isotherm40,10.1021/acs.inorgchem.5b00435,experimental,273.0,0.004544,bar,79.14,298.83,cm3(STP)/g,0.24018,adsorption,,digitized_from_figure;branch_inferred_from_point_order
NIST-MATDB-5ab0dbe0639729711750ef4b97715f0f,UiO-66,,10.1021acs.inorgchem.5b00435.Isotherm40,10.1021/acs.inorgchem.5b00435,experimental,273.0,0.004593,bar,80.0,300.67,cm3(STP)/g,0.24166,adsorption,,digitized_from_figure;branch_inferred_from_point_order
NIST-MATDB-5ab0dbe0639729711750ef4b97715f0f,UiO-66,,10.1021acs.inorgchem.5b00435.Isotherm40,10.1021/acs.inorgchem.5b00435,experimental,273.0,0.004649,bar,80.97,302.17,cm3(STP)/g,0.24287,adsorption,,digitized_from_figure;branch_inferred_from_point_order
NIST-MATDB-5ab0dbe0639729711750ef4b97715f0f,UiO-66,,10.1021acs.inorgchem.5b00435.Isotherm40,10.1021/acs.inorgchem.5b00435,experimental,273.0,0.004752,bar,82.76,305.59,cm3(STP)/g,0.24561,adsorption,,digitized_from_figure;branch_inferred_from_point_order
NIST-MATDB-5ab0dbe0639729711750ef4b97715f0f,UiO-66,,10.1021acs.inorgchem.5b00435.Isotherm40,10.1021/acs.inorgchem.5b00435,experimental,273.0,0.004817,bar,83.9,307.09,cm3(STP)/g,0.24682,adsorption,,digitized_from_figure;branch_inferred_from_point_order
NIST-MATDB-5ab0dbe0639729711750ef4b97715f0f,UiO-66,,10.1021acs.inorgchem.5b00435.Isotherm40,10.1021/acs.inorgchem.5b00435,experimental,273.0,0.004871,bar,84.84,308.93,cm3(STP)/g,0.2483,adsorption,,digitized_from_figure;branch_inferred_from_point_order
NIST-MATDB-5ab0dbe0639729711750ef4b97715f0f,UiO-66,,10.1021acs.inorgchem.5b00435.Isotherm40,10.1021/acs.inorgchem.5b00435,experimental,273.0,0.004927,bar,85.81,311.27,cm3(STP)/g,0.25018,adsorption,,digitized_from_figure;branch_inferred_from_point_order
NIST-MATDB-5ab0dbe0639729711750ef4b97715f0f,UiO-66,,10.1021acs.inorgchem.5b00435.Isotherm40,10.1021/acs.inorgchem.5b00435,experimental,273.0,0.004984,bar,86.81,314.19,cm3(STP)/g,0.25253,adsorption,,digitized_from_figure;branch_inferred_from_point_order
NIST-MATDB-5ab0dbe0639729711750ef4b97715f0f,UiO-66,,10.1021acs.inorgchem.5b00435.Isotherm40,10.1021/acs.inorgchem.5b00435,experimental,273.0,0.005053,bar,88.01,318.61,cm3(STP)/g,0.25608,adsorption,,digitized_from_figure;branch_inferred_from_point_order
NIST-MATDB-5ab0dbe0639729711750ef4b97715f0f,UiO-66,,10.1021acs.inorgchem.5b00435.Isotherm40,10.1021/acs.inorgchem.5b00435,experimental,273.0,0.005105,bar,88.91,321.86,cm3(STP)/g,0.25869,adsorption,,digitized_from_figure;branch_inferred_from_point_order
NIST-MATDB-5ab0dbe0639729711750ef4b97715f0f,UiO-66,,10.1021acs.inorgchem.5b00435.Isotherm40,10.1021/acs.inorgchem.5b00435,experimental,273.0,0.00517,bar,90.04,325.03,cm3(STP)/g,0.26124,adsorption,,digitized_from_figure;branch_inferred_from_point_order
NIST-MATDB-5ab0dbe0639729711750ef4b97715f0f,UiO-66,,10.1021acs.inorgchem.5b00435.Isotherm40,10.1021/acs.inorgchem.5b00435,experimental,273.0,0.005245,bar,91.35,329.46,cm3(STP)/g,0.2648,adsorption,,digitized_from_figure;branch_inferred_from_point_order
NIST-MATDB-5ab0dbe0639729711750ef4b97715f0f,UiO-66,,10.1021acs.inorgchem.5b00435.Isotherm40,10.1021/acs.inorgchem.5b00435,experimental,273.0,0.005294,bar,92.2,335.05,cm3(STP)/g,0.26929,adsorption,,digitized_from_figure;branch_inferred_from_point_order
NIST-MATDB-5ab0dbe0639729711750ef4b97715f0f,UiO-66,,10.1021acs.inorgchem.5b00435.Isotherm40,10.1021/acs.inorgchem.5b00435,experimental,273.0,0.005379,bar,93.69,340.39,cm3(STP)/g,0.27358,adsorption,,digitized_from_figure;branch_inferred_from_point_order
NIST-MATDB-5ab0dbe0639729711750ef4b97715f0f,UiO-66,,10.1021acs.inorgchem.5b00435.Isotherm40,10.1021/acs.inorgchem.5b00435,experimental,273.0,0.005589,bar,97.34,347.15,cm3(STP)/g,0.27902,adsorption,,digitized_from_figure;branch_inferred_from_point_order
NIST-MATDB-5ab0dbe0639729711750ef4b97715f0f,UiO-66,,10.1021acs.inorgchem.5b00435.Isotherm40,10.1021/acs.inorgchem.5b00435,experimental,273.0,0.005645,bar,98.32,355.58,cm3(STP)/g,0.28579,adsorption,,digitized_from_figure;branch_inferred_from_point_order
NIST-MATDB-5ab0dbe0639729711750ef4b97715f0f,UiO-66,,10.1021acs.inorgchem.5b00435.Isotherm40,10.1021/acs.inorgchem.5b00435,experimental,273.0,0.005701,bar,99.29,364.84,cm3(STP)/g,0.29324,adsorption,,digitized_from_figure;branch_inferred_from_point_order
NIST-MATDB-5ab0dbe0639729711750ef4b97715f0f,UiO-66,,10.1021acs.inorgchem.5b00435.Isotherm40,10.1021/acs.inorgchem.5b00435,experimental,273.0,0.001216,bar,21.18,131.02,cm3(STP)/g,0.10531,adsorption,,digitized_from_figure;branch_inferred_from_point_order
NIST-MATDB-5ab0dbe0639729711750ef4b97715f0f,UiO-66,,10.1021acs.inorgchem.5b00435.Isotherm40,10.1021/acs.inorgchem.5b00435,experimental,273.0,0.001281,bar,22.31,143.28,cm3(STP)/g,0.11516,adsorption,,digitized_from_figure;branch_inferred_from_point_order
NIST-MATDB-5ab0dbe0639729711750ef4b97715f0f,UiO-66,,10.1021acs.inorgchem.5b00435.Isotherm40,10.1021/acs.inorgchem.5b00435,experimental,273.0,0.001348,bar,23.48,153.13,cm3(STP)/g,0.12308,adsorption,,digitized_from_figure;branch_inferred_from_point_order
NIST-MATDB-5ab0dbe0639729711750ef4b97715f0f,UiO-66,,10.1021acs.inorgchem.5b00435.Isotherm40,10.1021/acs.inorgchem.5b00435,experimental,273.0,0.00136,bar,23.69,154.13,cm3(STP)/g,0.12388,adsorption,,digitized_from_figure;branch_inferred_from_point_order
NIST-MATDB-5ab0dbe0639729711750ef4b97715f0f,UiO-66,,10.1021acs.inorgchem.5b00435.Isotherm40,10.1021/acs.inorgchem.5b00435,experimental,273.0,0.001415,bar,24.64,165.98,cm3(STP)/g,0.1334,adsorption,,digitized_from_figure;branch_inferred_from_point_order
NIST-MATDB-5ab0dbe0639729711750ef4b97715f0f,UiO-66,,10.1021acs.inorgchem.5b00435.Isotherm40,10.1021/acs.inorgchem.5b00435,experimental,273.0,0.001431,bar,24.92,170.24,cm3(STP)/g,0.13683,adsorption,,digitized_from_figure;branch_inferred_from_point_order
NIST-MATDB-5ab0dbe0639729711750ef4b97715f0f,UiO-66,,10.1021acs.inorgchem.5b00435.Isotherm40,10.1021/acs.inorgchem.5b00435,experimental,273.0,0.001474,bar,25.67,179.67,cm3(STP)/g,0.14441,adsorption,,digitized_from_figure;branch_inferred_from_point_order
NIST-MATDB-5ab0dbe0639729711750ef4b97715f0f,UiO-66,,10.1021acs.inorgchem.5b00435.Isotherm40,10.1021/acs.inorgchem.5b00435,experimental,273.0,0.001488,bar,25.92,181.42,cm3(STP)/g,0.14581,adsorption,,digitized_from_figure;branch_inferred_from_point_order
NIST-MATDB-5ab0dbe0639729711750ef4b97715f0f,UiO-66,,10.1021acs.inorgchem.5b00435.Isotherm40,10.1021/acs.inorgchem.5b00435,experimental,273.0,0.001541,bar,26.84,194.27,cm3(STP)/g,0.15614,adsorption,,digitized_from_figure;branch_inferred_from_point_order
NIST-MATDB-5ab0dbe0639729711750ef4b97715f0f,UiO-66,,10.1021acs.inorgchem.5b00435.Isotherm40,10.1021/acs.inorgchem.5b00435,experimental,273.0,0.001552,bar,27.03,195.69,cm3(STP)/g,0.15728,adsorption,,digitized_from_figure;branch_inferred_from_point_order
NIST-MATDB-5ab0dbe0639729711750ef4b97715f0f,UiO-66,,10.1021acs.inorgchem.5b00435.Isotherm40,10.1021/acs.inorgchem.5b00435,experimental,273.0,0.001603,bar,27.92,206.04,cm3(STP)/g,0.1656,adsorption,,digitized_from_figure;branch_inferred_from_point_order
NIST-MATDB-5ab0dbe0639729711750ef4b97715f0f,UiO-66,,10.1021acs.inorgchem.5b00435.Isotherm40,10.1021/acs.inorgchem.5b00435,experimental,273.0,0.001664,bar,28.98,213.3,cm3(STP)/g,0.17144,adsorption,,digitized_from_figure;branch_inferred_from_point_order
NIST-MATDB-5ab0dbe0639729711750ef4b97715f0f,UiO-66,,10.1021acs.inorgchem.5b00435.Isotherm40,10.1021/acs.inorgchem.5b00435,experimental,273.0,0.001734,bar,30.2,218.22,cm3(STP)/g,0.17539,adsorption,,digitized_from_figure;branch_inferred_from_point_order
NIST-MATDB-5ab0dbe0639729711750ef4b97715f0f,UiO-66,,10.1021acs.inorgchem.5b00435.Isotherm40,10.1021/acs.inorgchem.5b00435,experimental,273.0,0.001803,bar,31.4,224.23,cm3(STP)/g,0.18022,adsorption,,digitized_from_figure;branch_inferred_from_point_order
NIST-MATDB-5ab0dbe0639729711750ef4b97715f0f,UiO-66,,10.1021acs.inorgchem.5b00435.Isotherm40,10.1021/acs.inorgchem.5b00435,experimental,273.0,0.001869,bar,32.55,230.4,cm3(STP)/g,0.18518,adsorption,,digitized_from_figure;branch_inferred_from_point_order
NIST-MATDB-5ab0dbe0639729711750ef4b97715f0f,UiO-66,,10.1021acs.inorgchem.5b00435.Isotherm40,10.1021/acs.inorgchem.5b00435,experimental,273.0,0.001978,bar,34.45,238.92,cm3(STP)/g,0.19203,adsorption,,digitized_from_figure;branch_inferred_from_point_order
NIST-MATDB-5ab0dbe0639729711750ef4b97715f0f,UiO-66,,10.1021acs.inorgchem.5b00435.Isotherm40,10.1021/acs.inorgchem.5b00435,experimental,273.0,0.002043,bar,35.58,242.17,cm3(STP)/g,0.19464,adsorption,,digitized_from_figure;branch_inferred_from_point_order
NIST-MATDB-5ab0dbe0639729711750ef4b97715f0f,UiO-66,,10.1021acs.inorgchem.5b00435.Isotherm40,10.1021/acs.inorgchem.5b00435,experimental,273.0,0.002112,bar,36.78,249.51,cm3(STP)/g,0.20054,adsorption,,digitized_from_figure;branch_inferred_from_point_order
NIST-MATDB-5ab0dbe0639729711750ef4b97715f0f,UiO-66,,10.1021acs.inorgchem.5b00435.Isotherm40,10.1021/acs.inorgchem.5b00435,experimental,273.0,0.002173,bar,37.85,252.43,cm3(STP)/g,0.20289,adsorption,,digitized_from_figure;branch_inferred_from_point_order
NIST-MATDB-5ab0dbe0639729711750ef4b97715f0f,UiO-66,,10.1021acs.inorgchem.5b00435.Isotherm40,10.1021/acs.inorgchem.5b00435,experimental,273.0,0.002225,bar,38.75,254.77,cm3(STP)/g,0.20477,adsorption,,digitized_from_figure;branch_inferred_from_point_order
NIST-MATDB-5ab0dbe0639729711750ef4b97715f0f,UiO-66,,10.1021acs.inorgchem.5b00435.Isotherm40,10.1021/acs.inorgchem.5b00435,experimental,273.0,0.002283,bar,39.76,256.69,cm3(STP)/g,0.20631,adsorption,,digitized_from_figure;branch_inferred_from_point_order
NIST-MATDB-5ab0dbe0639729711750ef4b97715f0f,UiO-66,,10.1021acs.inorgchem.5b00435.Isotherm40,10.1021/acs.inorgchem.5b00435,experimental,273.0,0.002372,bar,41.31,262.11,cm3(STP)/g,0.21067,adsorption,,digitized_from_figure;branch_inferred_from_point_order
NIST-MATDB-5ab0dbe0639729711750ef4b97715f0f,UiO-66,,10.1021acs.inorgchem.5b00435.Isotherm40,10.1021/acs.inorgchem.5b00435,experimental,273.0,0.002441,bar,42.51,263.2,cm3(STP)/g,0.21154,adsorption,,digitized_from_figure;branch_inferred_from_point_order
NIST-MATDB-5ab0dbe0639729711750ef4b97715f0f,UiO-66,,10.1021acs.inorgchem.5b00435.Isotherm40,10.1021/acs.inorgchem.5b00435,experimental,273.0,0.002473,bar,43.07,263.03,cm3(STP)/g,0.21141,adsorption,,digitized_from_figure;branch_inferred_from_point_order
NIST-MATDB-5ab0dbe0639729711750ef4b97715f0f,UiO-66,,10.1021acs.inorgchem.5b00435.Isotherm40,10.1021/acs.inorgchem.5b00435,experimental,273.0,0.002562,bar,44.62,267.79,cm3(STP)/g,0.21523,adsorption,,digitized_from_figure;branch_inferred_from_point_order
NIST-MATDB-5ab0dbe0639729711750ef4b97715f0f,UiO-66,,10.1021acs.inorgchem.5b00435.Isotherm40,10.1021/acs.inorgchem.5b00435,experimental,273.0,0.002627,bar,45.75,270.63,cm3(STP)/g,0.21752,adsorption,,digitized_from_figure;branch_inferred_from_point_order
NIST-MATDB-5ab0dbe0639729711750ef4b97715f0f,UiO-66,,10.1021acs.inorgchem.5b00435.Isotherm40,10.1021/acs.inorgchem.5b00435,experimental,273.0,0.002654,bar,46.22,271.71,cm3(STP)/g,0.21838,adsorption,,digitized_from_figure;branch_inferred_from_point_order
NIST-MATDB-5ab0dbe0639729711750ef4b97715f0f,UiO-66,,10.1021acs.inorgchem.5b00435.Isotherm40,10.1021/acs.inorgchem.5b00435,experimental,273.0,0.002741,bar,47.74,274.55,cm3(STP)/g,0.22067,adsorption,,digitized_from_figure;branch_inferred_from_point_order
NIST-MATDB-5ab0dbe0639729711750ef4b97715f0f,UiO-66,,10.1021acs.inorgchem.5b00435.Isotherm40,10.1021/acs.inorgchem.5b00435,experimental,273.0,0.00282,bar,49.12,276.72,cm3(STP)/g,0.22241,adsorption,,digitized_from_figure;branch_inferred_from_point_order
NIST-MATDB-5ab0dbe0639729711750ef4b97715f0f,UiO-66,,10.1021acs.inorgchem.5b00435.Isotherm40,10.1021/acs.inorgchem.5b00435,experimental,273.0,0.002861,bar,49.83,277.64,cm3(STP)/g,0.22315,adsorption,,digitized_from_figure;branch_inferred_from_point_order
NIST-MATDB-5ab0dbe0639729711750ef4b97715f0f,UiO-66,,10.1021acs.inorgchem.5b00435.Isotherm40,10.1021/acs.inorgchem.5b00435,experimental,273.0,0.002949,bar,51.36,281.14,cm3(STP)/g,0.22596,adsorption,,digitized_from_figure;branch_inferred_from_point_order
NIST-MATDB-5ab0dbe0639729711750ef4b97715f0f,UiO-66,,10.1021acs.inorgchem.5b00435.Isotherm40,10.1021/acs.inorgchem.5b00435,experimental,273.0,0.002996,bar,52.18,282.31,cm3(STP)/g,0.2269,adsorption,,digitized_from_figure;branch_inferred_from_point_order
NIST-MATDB-5ab0dbe0639729711750ef4b97715f0f,UiO-66,,10.1021acs.inorgchem.5b00435.Isotherm40,10.1021/acs.inorgchem.5b00435,experimental,273.0,0.003074,bar,53.54,284.98,cm3(STP)/g,0.22905,adsorption,,digitized_from_figure;branch_inferred_from_point_order
NIST-MATDB-5ab0dbe0639729711750ef4b97715f0f,UiO-66,,10.1021acs.inorgchem.5b00435.Isotherm40,10.1021/acs.inorgchem.5b00435,experimental,273.0,0.003115,bar,54.25,285.56,cm3(STP)/g,0.22952,adsorption,,digitized_from_figure;branch_inferred_from_point_order
NIST-MATDB-5ab0dbe0639729711750ef4b97715f0f,UiO-66,,10.1021acs.inorgchem.5b00435.Isotherm40,10.1021/acs.inorgchem.5b00435,experimental,273.0,0.00319,bar,55.56,288.4,cm3(STP)/g,0.2318,adsorption,,digitized_from_figure;branch_inferred_from_point_order
NIST-MATDB-5ab0dbe0639729711750ef4b97715f0f,UiO-66,,10.1021acs.inorgchem.5b00435.Isotherm40,10.1021/acs.inorgchem.5b00435,experimental,273.0,0.003243,bar,56.48,288.82,cm3(STP)/g,0.23214,adsorption,,digitized_from_figure;branch_inferred_from_point_order
NIST-MATDB-5ab0dbe0639729711750ef4b97715f0f,UiO-66,,10.1021acs.inorgchem.5b00435.Isotherm40,10.1021/acs.inorgchem.5b00435,experimental,273.0,0.003296,bar,57.41,289.4,cm3(STP)/g,0.2326,adsorption,,digitized_from_figure;branch_inferred_from_point_order
NIST-MATDB-5ab0dbe0639729711750ef4b97715f0f,UiO-66,,10.1021acs.inorgchem.5b00435.Isotherm40,10.1021/acs.inorgchem.5b00435,experimental,273.0,0.003394,bar,59.11,294.16,cm3(STP)/g,0.23643,adsorption,,digitized_from_figure;branch_inferred_from_point_order
NIST-MATDB-5ab0dbe0639729711750ef4b97715f0f,UiO-66,,10.1021acs.inorgchem.5b00435.Isotherm40,10.1021/acs.inorgchem.5b00435,experimental,273.0,0.003448,bar,60.05,294.49,cm3(STP)/g,0.23669,adsorption,,digitized_from_figure;branch_inferred_from_point_order
NIST-MATDB-5ab0dbe0639729711750ef4b97715f0f,UiO-66,,10.1021acs.inorgchem.5b00435.Isotherm40,10.1021/acs.inorgchem.5b00435,experimental,273.0,0.003528,bar,61.45,297.58,cm3(STP)/g,0.23918,adsorption,,digitized_from_figure;branch_inferred_from_point_order
NIST-MATDB-5ab0dbe0639729711750ef4b97715f0f,UiO-66,,10.1021acs.inorgchem.5b00435.Isotherm40,10.1021/acs.inorgchem.5b00435,experimental,273.0,0.003568,bar,62.14,298.33,cm3(STP)/g,0.23978,adsorption,,digitized_from_figure;branch_inferred_from_point_order
NIST-MATDB-5ab0dbe0639729711750ef4b97715f0f,UiO-66,,10.1021acs.inorgchem.5b00435.Isotherm40,10.1021/acs.inorgchem.5b00435,experimental,273.0,0.003625,bar,63.14,300.33,cm3(STP)/g,0.24139,adsorption,,digitized_from_figure;branch_inferred_from_point_order
NIST-MATDB-5ab0dbe0639729711750ef4b97715f0f,UiO-66,,10.1021acs.inorgchem.5b00435.Isotherm40,10.1021/acs.inorgchem.5b00435,experimental,273.0,0.003679,bar,64.08,300.5,cm3(STP)/g,0.24152,adsorption,,digitized_from_figure;branch_inferred_from_point_order
NIST-MATDB-5ab0dbe0639729711750ef4b97715f0f,UiO-66,,10.1021acs.inorgchem.5b00435.Isotherm40,10.1021/acs.inorgchem.5b00435,experimental,273.0,0.003774,bar,65.73,304.34,cm3(STP)/g,0.24461,adsorption,,digitized_from_figure;branch_inferred_from_point_order
NIST-MATDB-5ab0dbe0639729711750ef4b97715f0f,UiO-66,,10.1021acs.inorgchem.5b00435.Isotherm40,10.1021/acs.inorgchem.5b00435,experimental,273.0,0.003823,bar,66.58,305.51,cm3(STP)/g,0.24555,adsorption,,digitized_from_figure;branch_inferred_from_point_order
NIST-MATDB-5ab0dbe0639729711750ef4b97715f0f,UiO-66,,10.1021acs.inorgchem.5b00435.Isotherm40,10.1021/acs.inorgchem.5b00435,experimental,273.0,0.003875,bar,67.49,305.67,cm3(STP)/g,0.24568,adsorption,,digitized_from_figure;branch_inferred_from_point_order
NIST-MATDB-5ab0dbe0639729711750ef4b97715f0f,UiO-66,,10.1021acs.inorgchem.5b00435.Isotherm40,10.1021/acs.inorgchem.5b00435,experimental,273.0,0.003944,bar,68.69,306.93,cm3(STP)/g,0.24669,adsorption,,digitized_from_figure;branch_inferred_from_point_order
NIST-MATDB-5ab0dbe0639729711750ef4b97715f0f,UiO-66,,10.1021acs.inorgchem.5b00435.Isotherm40,10.1021/acs.inorgchem.5b00435,experimental,273.0,0.004041,bar,70.38,309.35,cm3(STP)/g,0.24864,adsorption,,digitized_from_figure;branch_inferred_from_point_order
NIST-MATDB-5ab0dbe0639729711750ef4b97715f0f,UiO-66,,10.1021acs.inorgchem.5b00435.Isotherm40,10.1021/acs.inorgchem.5b00435,experimental,273.0,0.004079,bar,71.04,309.51,cm3(STP)/g,0.24877,adsorption,,digitized_from_figure;branch_inferred_from_point_order
NIST-MATDB-5ab0dbe0639729711750ef4b97715f0f,UiO-66,,10.1021acs.inorgchem.5b00435.Isotherm40,10.1021/acs.inorgchem.5b00435,experimental,273.0,0.004143,bar,72.16,309.76,cm3(STP)/g,0.24897,adsorption,,digitized_from_figure;branch_inferred_from_point_order
NIST-MATDB-5ab0dbe0639729711750ef4b97715f0f,UiO-66,,10.1021acs.inorgchem.5b00435.Isotherm40,10.1021/acs.inorgchem.5b00435,experimental,273.0,0.004194,bar,73.05,312.6,cm3(STP)/g,0.25125,adsorption,,digitized_from_figure;branch_inferred_from_point_order
NIST-MATDB-5ab0dbe0639729711750ef4b97715f0f,UiO-66,,10.1021acs.inorgchem.5b00435.Isotherm40,10.1021/acs.inorgchem.5b00435,experimental,273.0,0.004251,bar,74.04,313.35,cm3(STP)/g,0.25185,adsorption,,digitized_from_figure;branch_inferred_from_point_order
NIST-MATDB-5ab0dbe0639729711750ef4b97715f0f,UiO-66,,10.1021acs.inorgchem.5b00435.Isotherm40,10.1021/acs.inorgchem.5b00435,experimental,273.0,0.004322,bar,75.28,315.27,cm3(STP)/g,0.25339,adsorption,,digitized_from_figure;branch_inferred_from_point_order
NIST-MATDB-5ab0dbe0639729711750ef4b97715f0f,UiO-66,,10.1021acs.inorgchem.5b00435.Isotherm40,10.1021/acs.inorgchem.5b00435,experimental,273.0,0.004425,bar,77.07,319.11,cm3(STP)/g,0.25648,adsorption,,digitized_from_figure;branch_inferred_from_point_order
NIST-MATDB-5ab0dbe0639729711750ef4b97715f0f,UiO-66,,10.1021acs.inorgchem.5b00435.Isotherm40,10.1021/acs.inorgchem.5b00435,experimental,273.0,0.004489,bar,78.18,319.86,cm3(STP)/g,0.25708,adsorption,,digitized_from_figure;branch_inferred_from_point_order
NIST-MATDB-5ab0dbe0639729711750ef4b97715f0f,UiO-66,,10.1021acs.inorgchem.5b00435.Isotherm40,10.1021/acs.inorgchem.5b00435,experimental,273.0,0.004535,bar,78.99,321.28,cm3(STP)/g,0.25823,adsorption,,digitized_from_figure;branch_inferred_from_point_order
NIST-MATDB-5ab0dbe0639729711750ef4b97715f0f,UiO-66,,10.1021acs.inorgchem.5b00435.Isotherm40,10.1021/acs.inorgchem.5b00435,experimental,273.0,0.004718,bar,82.17,328.04,cm3(STP)/g,0.26366,adsorption,,digitized_from_figure;branch_inferred_from_point_order
NIST-MATDB-5ab0dbe0639729711750ef4b97715f0f,UiO-66,,10.1021acs.inorgchem.5b00435.Isotherm40,10.1021/acs.inorgchem.5b00435,experimental,273.0,0.004779,bar,83.23,328.87,cm3(STP)/g,0.26433,adsorption,,digitized_from_figure;branch_inferred_from_point_order
NIST-MATDB-5ab0dbe0639729711750ef4b97715f0f,UiO-66,,10.1021acs.inorgchem.5b00435.Isotherm40,10.1021/acs.inorgchem.5b00435,experimental,273.0,0.004869,bar,84.8,331.21,cm3(STP)/g,0.26621,adsorption,,digitized_from_figure;branch_inferred_from_point_order
NIST-MATDB-5ab0dbe0639729711750ef4b97715f0f,UiO-66,,10.1021acs.inorgchem.5b00435.Isotherm40,10.1021/acs.inorgchem.5b00435,experimental,273.0,0.004917,bar,85.64,331.13,cm3(STP)/g,0.26614,adsorption,,digitized_from_figure;branch_inferred_from_point_order
NIST-MATDB-5ab0dbe0639729711750ef4b97715f0f,UiO-66,,10.1021acs.inorgchem.5b00435.Isotherm40,10.1021/acs.inorgchem.5b00435,experimental,273.0,0.004969,bar,86.54,332.71,cm3(STP)/g,0.26741,adsorption,,digitized_from_figure;branch_inferred_from_point_order
NIST-MATDB-5ab0dbe0639729711750ef4b97715f0f,UiO-66,,10.1021acs.inorgchem.5b00435.Isotherm40,10.1021/acs.inorgchem.5b00435,experimental,273.0,0.005025,bar,87.52,334.71,cm3(STP)/g,0.26902,adsorption,,digitized_from_figure;branch_inferred_from_point_order
NIST-MATDB-5ab0dbe0639729711750ef4b97715f0f,UiO-66,,10.1021acs.inorgchem.5b00435.Isotherm40,10.1021/acs.inorgchem.5b00435,experimental,273.0,0.005083,bar,88.53,337.22,cm3(STP)/g,0.27104,adsorption,,digitized_from_figure;branch_inferred_from_point_order
NIST-MATDB-5ab0dbe0639729711750ef4b97715f0f,UiO-66,,10.1021acs.inorgchem.5b00435.Isotherm40,10.1021/acs.inorgchem.5b00435,experimental,273.0,0.00519,bar,90.39,342.81,cm3(STP)/g,0.27553,adsorption,,digitized_from_figure;branch_inferred_from_point_order
NIST-MATDB-5ab0dbe0639729711750ef4b97715f0f,UiO-66,,10.1021acs.inorgchem.5b00435.Isotherm40,10.1021/acs.inorgchem.5b00435,experimental,273.0,0.005263,bar,91.66,345.65,cm3(STP)/g,0.27781,adsorption,,digitized_from_figure;branch_inferred_from_point_order
NIST-MATDB-5ab0dbe0639729711750ef4b97715f0f,UiO-66,,10.1021acs.inorgchem.5b00435.Isotherm40,10.1021/acs.inorgchem.5b00435,experimental,273.0,0.005314,bar,92.55,346.98,cm3(STP)/g,0.27888,adsorption,,digitized_from_figure;branch_inferred_from_point_order
NIST-MATDB-5ab0dbe0639729711750ef4b97715f0f,UiO-66,,10.1021acs.inorgchem.5b00435.Isotherm40,10.1021/acs.inorgchem.5b00435,experimental,273.0,0.005366,bar,93.46,350.24,cm3(STP)/g,0.2815,adsorption,,digitized_from_figure;branch_inferred_from_point_order
NIST-MATDB-5ab0dbe0639729711750ef4b97715f0f,UiO-66,,10.1021acs.inorgchem.5b00435.Isotherm40,10.1021/acs.inorgchem.5b00435,experimental,273.0,0.005437,bar,94.7,355.49,cm3(STP)/g,0.28572,adsorption,,digitized_from_figure;branch_inferred_from_point_order
NIST-MATDB-5ab0dbe0639729711750ef4b97715f0f,UiO-66,,10.1021acs.inorgchem.5b00435.Isotherm40,10.1021/acs.inorgchem.5b00435,experimental,273.0,0.005506,bar,95.9,359.67,cm3(STP)/g,0.28908,adsorption,,digitized_from_figure;branch_inferred_from_point_order
NIST-MATDB-5ab0dbe0639729711750ef4b97715f0f,UiO-66,,10.1021acs.inorgchem.5b00435.Isotherm40,10.1021/acs.inorgchem.5b00435,experimental,273.0,0.005695,bar,99.19,373.18,cm3(STP)/g,0.29994,adsorption,,digitized_from_figure;branch_inferred_from_point_order
NIST-MATDB-5ab0dbe0639729711750ef4b97715f0f,UiO-66,,10.1021acs.inorgchem.5b00435.Isotherm40,10.1021/acs.inorgchem.5b00435,experimental,273.0,0.005759,bar,100.0,373.6,cm3(STP)/g,0.30028,adsorption,,digitized_from_figure;branch_inferred_from_point_order
NIST-MATDB-48f4023d446be2a618f2ac6acc88fee2,MIL-100(Cr),,10.1021acs.jpcc.5b06660.Isotherm6,10.1021/acs.jpcc.5b06660,experimental,298.0,0.0,bar,0.0,0.0,mmol/g,0.0,adsorption,,digitized_from_figure;branch_inferred_from_point_order
NIST-MATDB-48f4023d446be2a618f2ac6acc88fee2,MIL-100(Cr),,10.1021acs.jpcc.5b06660.Isotherm6,10.1021/acs.jpcc.5b06660,experimental,298.0,0.000504,bar,1.6,1.35135,mmol/g,0.02434,adsorption,,digitized_from_figure;branch_inferred_from_point_order
NIST-MATDB-48f4023d446be2a618f2ac6acc88fee2,MIL-100(Cr),,10.1021acs.jpcc.5b06660.Isotherm6,10.1021/acs.jpcc.5b06660,experimental,298.0,0.000924,bar,2.93,2.02703,mmol/g,0.03652,adsorption,,digitized_from_figure;branch_inferred_from_point_order
NIST-MATDB-48f4023d446be2a618f2ac6acc88fee2,MIL-100(Cr),,10.1021acs.jpcc.5b06660.Isotherm6,10.1021/acs.jpcc.5b06660,experimental,298.0,0.001512,bar,4.8,2.7027,mmol/g,0.04869,adsorption,,digitized_from_figure;branch_inferred_from_point_order
NIST-MATDB-48f4023d446be2a618f2ac6acc88fee2,MIL-100(Cr),,10.1021acs.jpcc.5b06660.Isotherm6,10.1021/acs.jpcc.5b06660,experimental,298.0,0.003108,bar,9.86,3.6036,mmol/g,0.06492,adsorption,,digitized_from_figure;branch_inferred_from_point_order
NIST-MATDB-48f4023d446be2a618f2ac6acc88fee2,MIL-100(Cr),,10.1021acs.jpcc.5b06660.Isotherm6,10.1021/acs.jpcc.5b06660,experimental,298.0,0.006384,bar,20.26,5.40541,mmol/g,0.09738,adsorption,,digitized_from_figure;branch_inferred_from_point_order
NIST-MATDB-48f4023d446be2a618f2ac6acc88fee2,MIL-100(Cr),,10.1021acs.jpcc.5b06660.Isotherm6,10.1021/acs.jpcc.5b06660,experimental,298.0,0.009408,bar,29.86,6.53153,mmol/g,0.11767,adsorption,,digitized_from_figure;branch_inferred_from_point_order
NIST-MATDB-48f4023d446be2a618f2ac6acc88fee2,MIL-100(Cr),,10.1021acs.jpcc.5b06660.Isotherm6,10.1021/acs.jpcc.5b06660,experimental,298.0,0.012684,bar,40.26,8.78378,mmol/g,0.15824,adsorption,,digitized_from_figure;branch_inferred_from_point_order
NIST-MATDB-48f4023d446be2a618f2ac6acc88fee2,MIL-100(Cr),,10.1021acs.jpcc.5b06660.Isotherm6,10.1021/acs.jpcc.5b06660,experimental,298.0,0.015709,bar,49.86,11.2613,mmol/g,0.20287,adsorption,,digitized_from_figure;branch_inferred_from_point_order
NIST-MATDB-48f4023d446be2a618f2ac6acc88fee2,MIL-100(Cr),,10.1021acs.jpcc.5b06660.Isotherm6,10.1021/acs.jpcc.5b06660,experimental,298.0,0.018817,bar,59.73,19.5946,mmol/g,0.353,adsorption,,digitized_from_figure;branch_inferred_from_point_order
NIST-MATDB-48f4023d446be2a618f2ac6acc88fee2,MIL-100(Cr),,10.1021acs.jpcc.5b06660.Isotherm6,10.1021/acs.jpcc.5b06660,experimental,298.0,0.022009,bar,69.86,27.4775,mmol/g,0.49501,adsorption,,digitized_from_figure;branch_inferred_from_point_order
NIST-MATDB-48f4023d446be2a618f2ac6acc88fee2,MIL-100(Cr),,10.1021acs.jpcc.5b06660.Isotherm6,10.1021/acs.jpcc.5b06660,experimental,298.0,0.025117,bar,79.72,29.5045,mmol/g,0.53152,adsorption,,digitized_from_figure;branch_inferred_from_point_order
NIST-MATDB-48f4023d446be2a618f2ac6acc88fee2,MIL-100(Cr),,10.1021acs.jpcc.5b06660.Isotherm6,10.1021/acs.jpcc.5b06660,experimental,298.0,0.028225,bar,89.59,38.7387,mmol/g,0.69788,adsorption,,digitized_from_figure;branch_inferred_from_point_order
NIST-MATDB-48f4023d446be2a618f2ac6acc88fee2,MIL-100(Cr),,10.1021acs.jpcc.5b06660.Isotherm6,10.1021/acs.jpcc.5b06660,experimental,298.0,0.031417,bar,99.72,42.7928,mmol/g,0.77091,adsorption,,digitized_from_figure;branch_inferred_from_point_order
NIST-MATDB-bca0cbf6796ccfef68412bc43aeeb385,SIFSIX-Zn (Zn(pyz)2(SiF6)),,10.1021jacs.5b00838.Isotherm12,10.1021/jacs.5b00838,experimental,313.0,0.005511,bar,7.43,3.12861,mmol/g,0.05636,adsorption,,digitized_from_figure;branch_inferred_from_point_order
NIST-MATDB-bca0cbf6796ccfef68412bc43aeeb385,SIFSIX-Zn (Zn(pyz)2(SiF6)),,10.1021jacs.5b00838.Isotherm12,10.1021/jacs.5b00838,experimental,313.0,0.007712,bar,10.39,4.18383,mmol/g,0.07537,adsorption,,digitized_from_figure;branch_inferred_from_point_order
NIST-MATDB-bca0cbf6796ccfef68412bc43aeeb385,SIFSIX-Zn (Zn(pyz)2(SiF6)),,10.1021jacs.5b00838.Isotherm12,10.1021/jacs.5b00838,experimental,313.0,0.010088,bar,13.59,4.82384,mmol/g,0.0869,adsorption,,digitized_from_figure;branch_inferred_from_point_order
NIST-MATDB-bca0cbf6796ccfef68412bc43aeeb385,SIFSIX-Zn (Zn(pyz)2(SiF6)),,10.1021jacs.5b00838.Isotherm12,10.1021/jacs.5b00838,experimental,313.0,0.012277,bar,16.54,5.23756,mmol/g,0.09435,adsorption,,digitized_from_figure;branch_inferred_from_point_order
NIST-MATDB-bca0cbf6796ccfef68412bc43aeeb385,SIFSIX-Zn (Zn(pyz)2(SiF6)),,10.1021jacs.5b00838.Isotherm12,10.1021/jacs.5b00838,experimental,313.0,0.013736,bar,18.51,5.46306,mmol/g,0.09842,adsorption,,digitized_from_figure;branch_inferred_from_point_order
NIST-MATDB-bca0cbf6796ccfef68412bc43aeeb385,SIFSIX-Zn (Zn(pyz)2(SiF6)),,10.1021jacs.5b00838.Isotherm12,10.1021/jacs.5b00838,experimental,313.0,0.017561,bar,23.66,5.83801,mmol/g,0.10517,adsorption,,digitized_from_figure;branch_inferred_from_point_order
NIST-MATDB-bca0cbf6796ccfef68412bc43aeeb385,SIFSIX-Zn (Zn(pyz)2(SiF6)),,10.1021jacs.5b00838.Isotherm12,10.1021/jacs.5b00838,experimental,313.0,0.018111,bar,24.4,6.10182,mmol/g,0.10992,adsorption,,digitized_from_figure;branch_inferred_from_point_order
NIST-MATDB-bca0cbf6796ccfef68412bc43aeeb385,SIFSIX-Zn (Zn(pyz)2(SiF6)),,10.1021jacs.5b00838.Isotherm12,10.1021/jacs.5b00838,experimental,313.0,0.02012,bar,27.11,6.62886,mmol/g,0.11942,adsorption,,digitized_from_figure;branch_inferred_from_point_order
NIST-MATDB-bca0cbf6796ccfef68412bc43aeeb385,SIFSIX-Zn (Zn(pyz)2(SiF6)),,10.1021jacs.5b00838.Isotherm12,10.1021/jacs.5b00838,experimental,313.0,0.022684,bar,30.57,7.64611,mmol/g,0.13774,adsorption,,digitized_from_figure;branch_inferred_from_point_order
NIST-MATDB-bca0cbf6796ccfef68412bc43aeeb385,SIFSIX-Zn (Zn(pyz)2(SiF6)),,10.1021jacs.5b00838.Isotherm12,10.1021/jacs.5b00838,experimental,313.0,0.024155,bar,32.55,8.51311,mmol/g,0.15336,adsorption,,digitized_from_figure;branch_inferred_from_point_order
NIST-MATDB-bca0cbf6796ccfef68412bc43aeeb385,SIFSIX-Zn (Zn(pyz)2(SiF6)),,10.1021jacs.5b00838.Isotherm12,10.1021/jacs.5b00838,experimental,313.0,0.029073,bar,39.17,9.03832,mmol/g,0.16283,adsorption,,digitized_from_figure;branch_inferred_from_point_order
NIST-MATDB-bca0cbf6796ccfef68412bc43aeeb385,SIFSIX-Zn (Zn(pyz)2(SiF6)),,10.1021jacs.5b00838.Isotherm12,10.1021/jacs.5b00838,experimental,313.0,0.034717,bar,46.78,9.41213,mmol/g,0.16956,adsorption,,digitized_from_figure;branch_inferred_from_point_order
NIST-MATDB-bca0cbf6796ccfef68412bc43aeeb385,SIFSIX-Zn (Zn(pyz)2(SiF6)),,10.1021jacs.5b00838.Isotherm12,10.1021/jacs.5b00838,experimental,313.0,0.040902,bar,55.11,9.63465,mmol/g,0.17357,adsorption,,digitized_from_figure;branch_inferred_from_point_order
NIST-MATDB-bca0cbf6796ccfef68412bc43aeeb385,SIFSIX-Zn (Zn(pyz)2(SiF6)),,10.1021jacs.5b00838.Isotherm12,10.1021/jacs.5b00838,experimental,313.0,0.043449,bar,58.54,9.70852,mmol/g,0.1749,adsorption,,digitized_from_figure;branch_inferred_from_point_order
NIST-MATDB-bca0cbf6796ccfef68412bc43aeeb385,SIFSIX-Zn (Zn(pyz)2(SiF6)),,10.1021jacs.5b00838.Isotherm12,10.1021/jacs.5b00838,experimental,313.0,0.050544,bar,68.11,9.93048,mmol/g,0.1789,adsorption,,digitized_from_figure;branch_inferred_from_point_order
NIST-MATDB-bca0cbf6796ccfef68412bc43aeeb385,SIFSIX-Zn (Zn(pyz)2(SiF6)),,10.1021jacs.5b00838.Isotherm12,10.1021/jacs.5b00838,experimental,313.0,0.052181,bar,70.31,9.96718,mmol/g,0.17956,adsorption,,digitized_from_figure;branch_inferred_from_point_order
NIST-MATDB-bca0cbf6796ccfef68412bc43aeeb385,SIFSIX-Zn (Zn(pyz)2(SiF6)),,10.1021jacs.5b00838.Isotherm12,10.1021/jacs.5b00838,experimental,313.0,0.057818,bar,77.91,10.0014,mmol/g,0.18018,adsorption,,digitized_from_figure;branch_inferred_from_point_order
NIST-MATDB-bca0cbf6796ccfef68412bc43aeeb385,SIFSIX-Zn (Zn(pyz)2(SiF6)),,10.1021jacs.5b00838.Isotherm12,10.1021/jacs.5b00838,experimental,313.0,0.061274,bar,82.56,10.0747,mmol/g,0.1815,adsorption,,digitized_from_figure;branch_inferred_from_point_order
NIST-MATDB-398100fdfee2739b63544b66842c41ab,CAU-10-H,,10.1039c5ce00789e.Isotherm1,10.1039/c5ce00789e,experimental,288.0,0.0,bar,0.0,0.153846,mmol/g,0.00277,adsorption,,digitized_from_figure;branch_inferred_from_point_order;narrow_rh_range_needs_verification
NIST-MATDB-398100fdfee2739b63544b66842c41ab,CAU-10-H,,10.1039c5ce00789e.Isotherm1,10.1039/c5ce00789e,experimental,288.0,2.1e-05,bar,0.13,0.255786,mmol/g,0.00461,adsorption,,digitized_from_figure;branch_inferred_from_point_order;narrow_rh_range_needs_verification
NIST-MATDB-398100fdfee2739b63544b66842c41ab,CAU-10-H,,10.1039c5ce00789e.Isotherm1,10.1039/c5ce00789e,experimental,288.0,4.6e-05,bar,0.28,0.255005,mmol/g,0.00459,adsorption,,digitized_from_figure;branch_inferred_from_point_order;narrow_rh_range_needs_verification
NIST-MATDB-398100fdfee2739b63544b66842c41ab,CAU-10-H,,10.1039c5ce00789e.Isotherm1,10.1039/c5ce00789e,experimental,288.0,7.7e-05,bar,0.46,0.407915,mmol/g,0.00735,adsorption,,digitized_from_figure;branch_inferred_from_point_order;narrow_rh_range_needs_verification
NIST-MATDB-398100fdfee2739b63544b66842c41ab,CAU-10-H,,10.1039c5ce00789e.Isotherm1,10.1039/c5ce00789e,experimental,288.0,0.000113,bar,0.68,0.509386,mmol/g,0.00918,adsorption,,digitized_from_figure;branch_inferred_from_point_order;narrow_rh_range_needs_verification
NIST-MATDB-398100fdfee2739b63544b66842c41ab,CAU-10-H,,10.1039c5ce00789e.Isotherm1,10.1039/c5ce00789e,experimental,288.0,0.000149,bar,0.89,0.559575,mmol/g,0.01008,adsorption,,digitized_from_figure;branch_inferred_from_point_order;narrow_rh_range_needs_verification
NIST-MATDB-398100fdfee2739b63544b66842c41ab,CAU-10-H,,10.1039c5ce00789e.Isotherm1,10.1039/c5ce00789e,experimental,288.0,0.000229,bar,1.37,1.01869,mmol/g,0.01835,adsorption,,digitized_from_figure;branch_inferred_from_point_order;narrow_rh_range_needs_verification
NIST-MATDB-398100fdfee2739b63544b66842c41ab,CAU-10-H,,10.1039c5ce00789e.Isotherm1,10.1039/c5ce00789e,experimental,288.0,0.000237,bar,1.42,1.48,mmol/g,0.02666,adsorption,,digitized_from_figure;branch_inferred_from_point_order;narrow_rh_range_needs_verification
NIST-MATDB-398100fdfee2739b63544b66842c41ab,CAU-10-H,,10.1039c5ce00789e.Isotherm1,10.1039/c5ce00789e,experimental,288.0,0.000239,bar,1.43,1.83889,mmol/g,0.03313,adsorption,,digitized_from_figure;branch_inferred_from_point_order;narrow_rh_range_needs_verification
NIST-MATDB-398100fdfee2739b63544b66842c41ab,CAU-10-H,,10.1039c5ce00789e.Isotherm1,10.1039/c5ce00789e,experimental,288.0,0.000242,bar,1.45,3.17215,mmol/g,0.05715,adsorption,,digitized_from_figure;branch_inferred_from_point_order;narrow_rh_range_needs_verification
NIST-MATDB-398100fdfee2739b63544b66842c41ab,CAU-10-H,,10.1039c5ce00789e.Isotherm1,10.1039/c5ce00789e,experimental,288.0,0.000244,bar,1.46,4.09515,mmol/g,0.07377,adsorption,,digitized_from_figure;branch_inferred_from_point_order;narrow_rh_range_needs_verification
NIST-MATDB-398100fdfee2739b63544b66842c41ab,CAU-10-H,,10.1039c5ce00789e.Isotherm1,10.1039/c5ce00789e,experimental,288.0,0.000247,bar,1.48,5.32584,mmol/g,0.09595,adsorption,,digitized_from_figure;branch_inferred_from_point_order;narrow_rh_range_needs_verification
NIST-MATDB-398100fdfee2739b63544b66842c41ab,CAU-10-H,,10.1039c5ce00789e.Isotherm1,10.1039/c5ce00789e,experimental,288.0,0.000249,bar,1.49,9.73602,mmol/g,0.17539,adsorption,,digitized_from_figure;branch_inferred_from_point_order;narrow_rh_range_needs_verification
NIST-MATDB-398100fdfee2739b63544b66842c41ab,CAU-10-H,,10.1039c5ce00789e.Isotherm1,10.1039/c5ce00789e,experimental,288.0,0.000252,bar,1.51,12.3513,mmol/g,0.22251,adsorption,,digitized_from_figure;branch_inferred_from_point_order;narrow_rh_range_needs_verification
NIST-MATDB-398100fdfee2739b63544b66842c41ab,CAU-10-H,,10.1039c5ce00789e.Isotherm1,10.1039/c5ce00789e,experimental,288.0,0.000255,bar,1.53,12.8128,mmol/g,0.23082,adsorption,,digitized_from_figure;branch_inferred_from_point_order;narrow_rh_range_needs_verification
NIST-MATDB-398100fdfee2739b63544b66842c41ab,CAU-10-H,,10.1039c5ce00789e.Isotherm1,10.1039/c5ce00789e,experimental,288.0,0.000257,bar,1.54,13.6845,mmol/g,0.24653,adsorption,,digitized_from_figure;branch_inferred_from_point_order;narrow_rh_range_needs_verification
NIST-MATDB-398100fdfee2739b63544b66842c41ab,CAU-10-H,,10.1039c5ce00789e.Isotherm1,10.1039/c5ce00789e,experimental,288.0,0.00026,bar,1.56,15.0178,mmol/g,0.27055,adsorption,,digitized_from_figure;branch_inferred_from_point_order;narrow_rh_range_needs_verification
NIST-MATDB-398100fdfee2739b63544b66842c41ab,CAU-10-H,,10.1039c5ce00789e.Isotherm1,10.1039/c5ce00789e,experimental,288.0,0.000262,bar,1.57,16.8638,mmol/g,0.3038,adsorption,,digitized_from_figure;branch_inferred_from_point_order;narrow_rh_range_needs_verification
NIST-MATDB-398100fdfee2739b63544b66842c41ab,CAU-10-H,,10.1039c5ce00789e.Isotherm1,10.1039/c5ce00789e,experimental,288.0,0.000267,bar,1.6,15.7868,mmol/g,0.2844,adsorption,,digitized_from_figure;branch_inferred_from_point_order;narrow_rh_range_needs_verification
NIST-MATDB-398100fdfee2739b63544b66842c41ab,CAU-10-H,,10.1039c5ce00789e.Isotherm1,10.1039/c5ce00789e,experimental,288.0,0.00028,bar,1.68,16.2479,mmol/g,0.29271,adsorption,,digitized_from_figure;branch_inferred_from_point_order;narrow_rh_range_needs_verification
NIST-MATDB-398100fdfee2739b63544b66842c41ab,CAU-10-H,,10.1039c5ce00789e.Isotherm1,10.1039/c5ce00789e,experimental,288.0,0.000309,bar,1.85,17.1188,mmol/g,0.3084,adsorption,,digitized_from_figure;branch_inferred_from_point_order;narrow_rh_range_needs_verification
NIST-MATDB-398100fdfee2739b63544b66842c41ab,CAU-10-H,,10.1039c5ce00789e.Isotherm1,10.1039/c5ce00789e,experimental,288.0,0.000339,bar,2.03,16.6051,mmol/g,0.29914,adsorption,,digitized_from_figure;branch_inferred_from_point_order;narrow_rh_range_needs_verification
NIST-MATDB-398100fdfee2739b63544b66842c41ab,CAU-10-H,,10.1039c5ce00789e.Isotherm1,10.1039/c5ce00789e,experimental,288.0,0.000375,bar,2.25,17.3732,mmol/g,0.31298,adsorption,,digitized_from_figure;branch_inferred_from_point_order;narrow_rh_range_needs_verification
NIST-MATDB-398100fdfee2739b63544b66842c41ab,CAU-10-H,,10.1039c5ce00789e.Isotherm1,10.1039/c5ce00789e,experimental,288.0,0.000437,bar,2.62,17.0637,mmol/g,0.3074,adsorption,,digitized_from_figure;branch_inferred_from_point_order;narrow_rh_range_needs_verification
NIST-MATDB-398100fdfee2739b63544b66842c41ab,CAU-10-H,,10.1039c5ce00789e.Isotherm1,10.1039/c5ce00789e,experimental,288.0,0.000445,bar,2.67,17.6275,mmol/g,0.31756,adsorption,,digitized_from_figure;branch_inferred_from_point_order;narrow_rh_range_needs_verification
NIST-MATDB-398100fdfee2739b63544b66842c41ab,CAU-10-H,,10.1039c5ce00789e.Isotherm1,10.1039/c5ce00789e,experimental,288.0,0.000519,bar,3.11,17.8817,mmol/g,0.32214,adsorption,,digitized_from_figure;branch_inferred_from_point_order;narrow_rh_range_needs_verification
NIST-MATDB-398100fdfee2739b63544b66842c41ab,CAU-10-H,,10.1039c5ce00789e.Isotherm1,10.1039/c5ce00789e,experimental,288.0,0.000548,bar,3.28,17.4193,mmol/g,0.31381,adsorption,,digitized_from_figure;branch_inferred_from_point_order;narrow_rh_range_needs_verification
NIST-MATDB-398100fdfee2739b63544b66842c41ab,CAU-10-H,,10.1039c5ce00789e.Isotherm1,10.1039/c5ce00789e,experimental,288.0,0.000584,bar,3.5,18.1361,mmol/g,0.32672,adsorption,,digitized_from_figure;branch_inferred_from_point_order;narrow_rh_range_needs_verification
NIST-MATDB-398100fdfee2739b63544b66842c41ab,CAU-10-H,,10.1039c5ce00789e.Isotherm1,10.1039/c5ce00789e,experimental,288.0,0.000645,bar,3.86,18.3907,mmol/g,0.33131,adsorption,,digitized_from_figure;branch_inferred_from_point_order;narrow_rh_range_needs_verification
NIST-MATDB-398100fdfee2739b63544b66842c41ab,CAU-10-H,,10.1039c5ce00789e.Isotherm1,10.1039/c5ce00789e,experimental,288.0,0.000648,bar,3.88,17.7752,mmol/g,0.32022,adsorption,,digitized_from_figure;branch_inferred_from_point_order;narrow_rh_range_needs_verification
NIST-MATDB-398100fdfee2739b63544b66842c41ab,CAU-10-H,,10.1039c5ce00789e.Isotherm1,10.1039/c5ce00789e,experimental,288.0,0.00072,bar,4.31,18.6961,mmol/g,0.33681,adsorption,,digitized_from_figure;branch_inferred_from_point_order;narrow_rh_range_needs_verification
NIST-MATDB-398100fdfee2739b63544b66842c41ab,CAU-10-H,,10.1039c5ce00789e.Isotherm1,10.1039/c5ce00789e,experimental,288.0,0.000733,bar,4.39,18.1316,mmol/g,0.32664,adsorption,,digitized_from_figure;branch_inferred_from_point_order;narrow_rh_range_needs_verification
NIST-MATDB-398100fdfee2739b63544b66842c41ab,CAU-10-H,,10.1039c5ce00789e.Isotherm1,10.1039/c5ce00789e,experimental,288.0,0.000784,bar,4.7,18.9506,mmol/g,0.3414,adsorption,,digitized_from_figure;branch_inferred_from_point_order;narrow_rh_range_needs_verification
NIST-MATDB-398100fdfee2739b63544b66842c41ab,CAU-10-H,,10.1039c5ce00789e.Isotherm1,10.1039/c5ce00789e,experimental,288.0,0.000813,bar,4.87,18.5394,mmol/g,0.33399,adsorption,,digitized_from_figure;branch_inferred_from_point_order;narrow_rh_range_needs_verification
NIST-MATDB-398100fdfee2739b63544b66842c41ab,CAU-10-H,,10.1039c5ce00789e.Isotherm1,10.1039/c5ce00789e,experimental,288.0,0.000849,bar,5.09,19.205,mmol/g,0.34598,adsorption,,digitized_from_figure;branch_inferred_from_point_order;narrow_rh_range_needs_verification
NIST-MATDB-398100fdfee2739b63544b66842c41ab,CAU-10-H,,10.1039c5ce00789e.Isotherm1,10.1039/c5ce00789e,experimental,288.0,0.00089,bar,5.33,18.8961,mmol/g,0.34041,adsorption,,digitized_from_figure;branch_inferred_from_point_order;narrow_rh_range_needs_verification
NIST-MATDB-398100fdfee2739b63544b66842c41ab,CAU-10-H,,10.1039c5ce00789e.Isotherm1,10.1039/c5ce00789e,experimental,288.0,0.000905,bar,5.42,19.4597,mmol/g,0.35057,adsorption,,digitized_from_figure;branch_inferred_from_point_order;narrow_rh_range_needs_verification
NIST-MATDB-398100fdfee2739b63544b66842c41ab,CAU-10-H,,10.1039c5ce00789e.Isotherm1,10.1039/c5ce00789e,experimental,288.0,0.000969,bar,5.8,19.7142,mmol/g,0.35515,adsorption,,digitized_from_figure;branch_inferred_from_point_order;narrow_rh_range_needs_verification
NIST-MATDB-398100fdfee2739b63544b66842c41ab,CAU-10-H,,10.1039c5ce00789e.Isotherm1,10.1039/c5ce00789e,experimental,288.0,0.001044,bar,6.25,19.9683,mmol/g,0.35973,adsorption,,digitized_from_figure;branch_inferred_from_point_order;narrow_rh_range_needs_verification
NIST-MATDB-398100fdfee2739b63544b66842c41ab,CAU-10-H,,10.1039c5ce00789e.Isotherm1,10.1039/c5ce00789e,experimental,288.0,0.001054,bar,6.31,19.5577,mmol/g,0.35233,adsorption,,digitized_from_figure;branch_inferred_from_point_order;narrow_rh_range_needs_verification
NIST-MATDB-398100fdfee2739b63544b66842c41ab,CAU-10-H,,10.1039c5ce00789e.Isotherm1,10.1039/c5ce00789e,experimental,288.0,0.001147,bar,6.87,19.9652,mmol/g,0.35967,adsorption,,digitized_from_figure;branch_inferred_from_point_order;narrow_rh_range_needs_verification
NIST-MATDB-398100fdfee2739b63544b66842c41ab,CAU-10-H,,10.1039c5ce00789e.Isotherm1,10.1039/c5ce00789e,experimental,288.0,0.001257,bar,7.53,20.2695,mmol/g,0.36516,adsorption,,digitized_from_figure;branch_inferred_from_point_order;narrow_rh_range_needs_verification
NIST-MATDB-398100fdfee2739b63544b66842c41ab,CAU-10-H,,10.1039c5ce00789e.Isotherm1,10.1039/c5ce00789e,experimental,288.0,0.00136,bar,8.15,20.5741,mmol/g,0.37064,adsorption,,digitized_from_figure;branch_inferred_from_point_order;narrow_rh_range_needs_verification
NIST-MATDB-398100fdfee2739b63544b66842c41ab,CAU-10-H,,10.1039c5ce00789e.Isotherm1,10.1039/c5ce00789e,experimental,288.0,0.001401,bar,8.39,20.8805,mmol/g,0.37616,adsorption,,digitized_from_figure;branch_inferred_from_point_order;narrow_rh_range_needs_verification
NIST-MATDB-398100fdfee2739b63544b66842c41ab,CAU-10-H,,10.1039c5ce00789e.Isotherm1,10.1039/c5ce00789e,experimental,288.0,0.001445,bar,8.66,20.8792,mmol/g,0.37614,adsorption,,digitized_from_figure;branch_inferred_from_point_order;narrow_rh_range_needs_verification
NIST-MATDB-398100fdfee2739b63544b66842c41ab,CAU-10-H,,10.1039c5ce00789e.Isotherm1,10.1039/c5ce00789e,experimental,288.0,0.001471,bar,8.81,20.9297,mmol/g,0.37705,adsorption,,digitized_from_figure;branch_inferred_from_point_order;narrow_rh_range_needs_verification
NIST-MATDB-398100fdfee2739b63544b66842c41ab,CAU-10-H,,10.1039c5ce00789e.Isotherm1,10.1039/c5ce00789e,experimental,288.0,0.001499,bar,8.98,20.8776,mmol/g,0.37611,adsorption,,digitized_from_figure;branch_inferred_from_point_order;narrow_rh_range_needs_verification
NIST-MATDB-398100fdfee2739b63544b66842c41ab,CAU-10-H,,10.1039c5ce00789e.Isotherm1,10.1039/c5ce00789e,experimental,288.0,0.00152,bar,9.11,21.0308,mmol/g,0.37887,adsorption,,digitized_from_figure;branch_inferred_from_point_order;narrow_rh_range_needs_verification
NIST-MATDB-398100fdfee2739b63544b66842c41ab,CAU-10-H,,10.1039c5ce00789e.Isotherm1,10.1039/c5ce00789e,experimental,288.0,0.001548,bar,9.27,21.0299,mmol/g,0.37885,adsorption,,digitized_from_figure;branch_inferred_from_point_order;narrow_rh_range_needs_verification
NIST-MATDB-398100fdfee2739b63544b66842c41ab,CAU-10-H,,10.1039c5ce00789e.Isotherm1,10.1039/c5ce00789e,experimental,288.0,0.001602,bar,9.6,21.0796,mmol/g,0.37975,adsorption,,digitized_from_figure;branch_inferred_from_point_order;narrow_rh_range_needs_verification
NIST-MATDB-398100fdfee2739b63544b66842c41ab,CAU-10-H,,10.1039c5ce00789e.Isotherm1,10.1039/c5ce00789e,experimental,288.0,0.001661,bar,9.95,21.1803,mmol/g,0.38156,adsorption,,digitized_from_figure;branch_inferred_from_point_order;narrow_rh_range_needs_verification
NIST-MATDB-398100fdfee2739b63544b66842c41ab,CAU-10-H,,10.1039c5ce00789e.Isotherm10,10.1039/c5ce00789e,experimental,298.0,0.0,bar,0.0,0.0,mmol/g,0.0,adsorption,,digitized_from_figure;branch_inferred_from_point_order;narrow_rh_range_needs_verification
NIST-MATDB-398100fdfee2739b63544b66842c41ab,CAU-10-H,,10.1039c5ce00789e.Isotherm10,10.1039/c5ce00789e,experimental,298.0,2.4e-05,bar,0.08,0.153064,mmol/g,0.00276,adsorption,,digitized_from_figure;branch_inferred_from_point_order;narrow_rh_range_needs_verification
NIST-MATDB-398100fdfee2739b63544b66842c41ab,CAU-10-H,,10.1039c5ce00789e.Isotherm10,10.1039/c5ce00789e,experimental,298.0,5.7e-05,bar,0.18,0.20367,mmol/g,0.00367,adsorption,,digitized_from_figure;branch_inferred_from_point_order;narrow_rh_range_needs_verification
NIST-MATDB-398100fdfee2739b63544b66842c41ab,CAU-10-H,,10.1039c5ce00789e.Isotherm10,10.1039/c5ce00789e,experimental,298.0,9.1e-05,bar,0.29,0.254276,mmol/g,0.00458,adsorption,,digitized_from_figure;branch_inferred_from_point_order;narrow_rh_range_needs_verification
NIST-MATDB-398100fdfee2739b63544b66842c41ab,CAU-10-H,,10.1039c5ce00789e.Isotherm10,10.1039/c5ce00789e,experimental,298.0,0.000148,bar,0.47,0.355644,mmol/g,0.00641,adsorption,,digitized_from_figure;branch_inferred_from_point_order;narrow_rh_range_needs_verification
NIST-MATDB-398100fdfee2739b63544b66842c41ab,CAU-10-H,,10.1039c5ce00789e.Isotherm10,10.1039/c5ce00789e,experimental,298.0,0.000339,bar,1.08,0.608285,mmol/g,0.01096,adsorption,,digitized_from_figure;branch_inferred_from_point_order;narrow_rh_range_needs_verification
NIST-MATDB-398100fdfee2739b63544b66842c41ab,CAU-10-H,,10.1039c5ce00789e.Isotherm10,10.1039/c5ce00789e,experimental,298.0,0.000363,bar,1.15,0.659047,mmol/g,0.01187,adsorption,,digitized_from_figure;branch_inferred_from_point_order;narrow_rh_range_needs_verification
NIST-MATDB-398100fdfee2739b63544b66842c41ab,CAU-10-H,,10.1039c5ce00789e.Isotherm10,10.1039/c5ce00789e,experimental,298.0,0.000473,bar,1.5,0.913012,mmol/g,0.01645,adsorption,,digitized_from_figure;branch_inferred_from_point_order;narrow_rh_range_needs_verification
NIST-MATDB-398100fdfee2739b63544b66842c41ab,CAU-10-H,,10.1039c5ce00789e.Isotherm10,10.1039/c5ce00789e,experimental,298.0,0.000492,bar,1.56,1.21961,mmol/g,0.02197,adsorption,,digitized_from_figure;branch_inferred_from_point_order;narrow_rh_range_needs_verification
NIST-MATDB-398100fdfee2739b63544b66842c41ab,CAU-10-H,,10.1039c5ce00789e.Isotherm10,10.1039/c5ce00789e,experimental,298.0,0.000502,bar,1.59,1.83326,mmol/g,0.03303,adsorption,,digitized_from_figure;branch_inferred_from_point_order;narrow_rh_range_needs_verification
NIST-MATDB-398100fdfee2739b63544b66842c41ab,CAU-10-H,,10.1039c5ce00789e.Isotherm10,10.1039/c5ce00789e,experimental,298.0,0.000506,bar,1.61,2.29355,mmol/g,0.04132,adsorption,,digitized_from_figure;branch_inferred_from_point_order;narrow_rh_range_needs_verification
NIST-MATDB-398100fdfee2739b63544b66842c41ab,CAU-10-H,,10.1039c5ce00789e.Isotherm10,10.1039/c5ce00789e,experimental,298.0,0.000506,bar,1.61,2.75391,mmol/g,0.04961,adsorption,,digitized_from_figure;branch_inferred_from_point_order;narrow_rh_range_needs_verification
NIST-MATDB-398100fdfee2739b63544b66842c41ab,CAU-10-H,,10.1039c5ce00789e.Isotherm10,10.1039/c5ce00789e,experimental,298.0,0.000511,bar,1.62,3.21419,mmol/g,0.0579,adsorption,,digitized_from_figure;branch_inferred_from_point_order;narrow_rh_range_needs_verification
NIST-MATDB-398100fdfee2739b63544b66842c41ab,CAU-10-H,,10.1039c5ce00789e.Isotherm10,10.1039/c5ce00789e,experimental,298.0,0.000511,bar,1.62,3.6234,mmol/g,0.06528,adsorption,,digitized_from_figure;branch_inferred_from_point_order;narrow_rh_range_needs_verification
NIST-MATDB-398100fdfee2739b63544b66842c41ab,CAU-10-H,,10.1039c5ce00789e.Isotherm10,10.1039/c5ce00789e,experimental,298.0,0.000515,bar,1.63,4.08368,mmol/g,0.07357,adsorption,,digitized_from_figure;branch_inferred_from_point_order;narrow_rh_range_needs_verification
NIST-MATDB-398100fdfee2739b63544b66842c41ab,CAU-10-H,,10.1039c5ce00789e.Isotherm10,10.1039/c5ce00789e,experimental,298.0,0.000515,bar,1.63,4.49289,mmol/g,0.08094,adsorption,,digitized_from_figure;branch_inferred_from_point_order;narrow_rh_range_needs_verification
NIST-MATDB-398100fdfee2739b63544b66842c41ab,CAU-10-H,,10.1039c5ce00789e.Isotherm10,10.1039/c5ce00789e,experimental,298.0,0.000515,bar,1.63,5.0044,mmol/g,0.09015,adsorption,,digitized_from_figure;branch_inferred_from_point_order;narrow_rh_range_needs_verification
NIST-MATDB-398100fdfee2739b63544b66842c41ab,CAU-10-H,,10.1039c5ce00789e.Isotherm10,10.1039/c5ce00789e,experimental,298.0,0.000515,bar,1.63,5.36246,mmol/g,0.0966,adsorption,,digitized_from_figure;branch_inferred_from_point_order;narrow_rh_range_needs_verification
NIST-MATDB-398100fdfee2739b63544b66842c41ab,CAU-10-H,,10.1039c5ce00789e.Isotherm10,10.1039/c5ce00789e,experimental,298.0,0.000515,bar,1.63,5.87397,mmol/g,0.10582,adsorption,,digitized_from_figure;branch_inferred_from_point_order;narrow_rh_range_needs_verification
NIST-MATDB-398100fdfee2739b63544b66842c41ab,CAU-10-H,,10.1039c5ce00789e.Isotherm10,10.1039/c5ce00789e,experimental,298.0,0.000515,bar,1.63,6.28318,mmol/g,0.11319,adsorption,,digitized_from_figure;branch_inferred_from_point_order;narrow_rh_range_needs_verification
NIST-MATDB-398100fdfee2739b63544b66842c41ab,CAU-10-H,,10.1039c5ce00789e.Isotherm10,10.1039/c5ce00789e,experimental,298.0,0.000515,bar,1.63,6.74354,mmol/g,0.12148,adsorption,,digitized_from_figure;branch_inferred_from_point_order;narrow_rh_range_needs_verification
NIST-MATDB-398100fdfee2739b63544b66842c41ab,CAU-10-H,,10.1039c5ce00789e.Isotherm10,10.1039/c5ce00789e,experimental,298.0,0.000519,bar,1.65,7.56188,mmol/g,0.13623,adsorption,,digitized_from_figure;branch_inferred_from_point_order;narrow_rh_range_needs_verification
NIST-MATDB-398100fdfee2739b63544b66842c41ab,CAU-10-H,,10.1039c5ce00789e.Isotherm10,10.1039/c5ce00789e,experimental,298.0,0.000519,bar,1.65,7.97108,mmol/g,0.1436,adsorption,,digitized_from_figure;branch_inferred_from_point_order;narrow_rh_range_needs_verification
NIST-MATDB-398100fdfee2739b63544b66842c41ab,CAU-10-H,,10.1039c5ce00789e.Isotherm10,10.1039/c5ce00789e,experimental,298.0,0.000519,bar,1.65,8.38029,mmol/g,0.15097,adsorption,,digitized_from_figure;branch_inferred_from_point_order;narrow_rh_range_needs_verification
NIST-MATDB-398100fdfee2739b63544b66842c41ab,CAU-10-H,,10.1039c5ce00789e.Isotherm10,10.1039/c5ce00789e,experimental,298.0,0.000519,bar,1.65,8.84065,mmol/g,0.15926,adsorption,,digitized_from_figure;branch_inferred_from_point_order;narrow_rh_range_needs_verification
NIST-MATDB-398100fdfee2739b63544b66842c41ab,CAU-10-H,,10.1039c5ce00789e.Isotherm10,10.1039/c5ce00789e,experimental,298.0,0.000519,bar,1.65,9.35216,mmol/g,0.16848,adsorption,,digitized_from_figure;branch_inferred_from_point_order;narrow_rh_range_needs_verification
NIST-MATDB-398100fdfee2739b63544b66842c41ab,CAU-10-H,,10.1039c5ce00789e.Isotherm10,10.1039/c5ce00789e,experimental,298.0,0.000519,bar,1.65,9.71022,mmol/g,0.17493,adsorption,,digitized_from_figure;branch_inferred_from_point_order;narrow_rh_range_needs_verification
NIST-MATDB-398100fdfee2739b63544b66842c41ab,CAU-10-H,,10.1039c5ce00789e.Isotherm10,10.1039/c5ce00789e,experimental,298.0,0.000519,bar,1.65,10.1706,mmol/g,0.18322,adsorption,,digitized_from_figure;branch_inferred_from_point_order;narrow_rh_range_needs_verification
NIST-MATDB-398100fdfee2739b63544b66842c41ab,CAU-10-H,,10.1039c5ce00789e.Isotherm10,10.1039/c5ce00789e,experimental,298.0,0.000519,bar,1.65,10.5798,mmol/g,0.1906,adsorption,,digitized_from_figure;branch_inferred_from_point_order;narrow_rh_range_needs_verification
NIST-MATDB-398100fdfee2739b63544b66842c41ab,CAU-10-H,,10.1039c5ce00789e.Isotherm10,10.1039/c5ce00789e,experimental,298.0,0.000519,bar,1.65,11.0402,mmol/g,0.19889,adsorption,,digitized_from_figure;branch_inferred_from_point_order;narrow_rh_range_needs_verification
NIST-MATDB-398100fdfee2739b63544b66842c41ab,CAU-10-H,,10.1039c5ce00789e.Isotherm10,10.1039/c5ce00789e,experimental,298.0,0.00052,bar,1.65,7.15267,mmol/g,0.12886,adsorption,,digitized_from_figure;branch_inferred_from_point_order;narrow_rh_range_needs_verification
NIST-MATDB-398100fdfee2739b63544b66842c41ab,CAU-10-H,,10.1039c5ce00789e.Isotherm10,10.1039/c5ce00789e,experimental,298.0,0.000523,bar,1.66,11.5004,mmol/g,0.20718,adsorption,,digitized_from_figure;branch_inferred_from_point_order;narrow_rh_range_needs_verification
NIST-MATDB-398100fdfee2739b63544b66842c41ab,CAU-10-H,,10.1039c5ce00789e.Isotherm10,10.1039/c5ce00789e,experimental,298.0,0.000523,bar,1.66,11.8585,mmol/g,0.21363,adsorption,,digitized_from_figure;branch_inferred_from_point_order;narrow_rh_range_needs_verification
NIST-MATDB-398100fdfee2739b63544b66842c41ab,CAU-10-H,,10.1039c5ce00789e.Isotherm10,10.1039/c5ce00789e,experimental,298.0,0.000528,bar,1.68,12.3188,mmol/g,0.22192,adsorption,,digitized_from_figure;branch_inferred_from_point_order;narrow_rh_range_needs_verification
NIST-MATDB-398100fdfee2739b63544b66842c41ab,CAU-10-H,,10.1039c5ce00789e.Isotherm10,10.1039/c5ce00789e,experimental,298.0,0.000528,bar,1.68,12.7791,mmol/g,0.23022,adsorption,,digitized_from_figure;branch_inferred_from_point_order;narrow_rh_range_needs_verification
NIST-MATDB-398100fdfee2739b63544b66842c41ab,CAU-10-H,,10.1039c5ce00789e.Isotherm10,10.1039/c5ce00789e,experimental,298.0,0.000528,bar,1.68,13.1883,mmol/g,0.23759,adsorption,,digitized_from_figure;branch_inferred_from_point_order;narrow_rh_range_needs_verification
NIST-MATDB-398100fdfee2739b63544b66842c41ab,CAU-10-H,,10.1039c5ce00789e.Isotherm10,10.1039/c5ce00789e,experimental,298.0,0.000528,bar,1.68,13.6487,mmol/g,0.24588,adsorption,,digitized_from_figure;branch_inferred_from_point_order;narrow_rh_range_needs_verification
NIST-MATDB-398100fdfee2739b63544b66842c41ab,CAU-10-H,,10.1039c5ce00789e.Isotherm10,10.1039/c5ce00789e,experimental,298.0,0.000532,bar,1.69,14.0578,mmol/g,0.25325,adsorption,,digitized_from_figure;branch_inferred_from_point_order;narrow_rh_range_needs_verification
NIST-MATDB-398100fdfee2739b63544b66842c41ab,CAU-10-H,,10.1039c5ce00789e.Isotherm10,10.1039/c5ce00789e,experimental,298.0,0.000537,bar,1.7,14.5181,mmol/g,0.26154,adsorption,,digitized_from_figure;branch_inferred_from_point_order;narrow_rh_range_needs_verification
NIST-MATDB-398100fdfee2739b63544b66842c41ab,CAU-10-H,,10.1039c5ce00789e.Isotherm10,10.1039/c5ce00789e,experimental,298.0,0.000542,bar,1.72,14.7226,mmol/g,0.26523,adsorption,,digitized_from_figure;branch_inferred_from_point_order;narrow_rh_range_needs_verification
NIST-MATDB-398100fdfee2739b63544b66842c41ab,CAU-10-H,,10.1039c5ce00789e.Isotherm10,10.1039/c5ce00789e,experimental,298.0,0.000542,bar,1.72,14.8761,mmol/g,0.26799,adsorption,,digitized_from_figure;branch_inferred_from_point_order;narrow_rh_range_needs_verification
NIST-MATDB-398100fdfee2739b63544b66842c41ab,CAU-10-H,,10.1039c5ce00789e.Isotherm10,10.1039/c5ce00789e,experimental,298.0,0.000546,bar,1.73,15.0806,mmol/g,0.27168,adsorption,,digitized_from_figure;branch_inferred_from_point_order;narrow_rh_range_needs_verification
NIST-MATDB-398100fdfee2739b63544b66842c41ab,CAU-10-H,,10.1039c5ce00789e.Isotherm10,10.1039/c5ce00789e,experimental,298.0,0.000546,bar,1.73,15.2852,mmol/g,0.27536,adsorption,,digitized_from_figure;branch_inferred_from_point_order;narrow_rh_range_needs_verification
NIST-MATDB-398100fdfee2739b63544b66842c41ab,CAU-10-H,,10.1039c5ce00789e.Isotherm10,10.1039/c5ce00789e,experimental,298.0,0.000551,bar,1.75,15.4898,mmol/g,0.27905,adsorption,,digitized_from_figure;branch_inferred_from_point_order;narrow_rh_range_needs_verification
NIST-MATDB-398100fdfee2739b63544b66842c41ab,CAU-10-H,,10.1039c5ce00789e.Isotherm10,10.1039/c5ce00789e,experimental,298.0,0.000561,bar,1.78,15.6942,mmol/g,0.28273,adsorption,,digitized_from_figure;branch_inferred_from_point_order;narrow_rh_range_needs_verification
NIST-MATDB-398100fdfee2739b63544b66842c41ab,CAU-10-H,,10.1039c5ce00789e.Isotherm10,10.1039/c5ce00789e,experimental,298.0,0.00058,bar,1.84,15.8985,mmol/g,0.28641,adsorption,,digitized_from_figure;branch_inferred_from_point_order;narrow_rh_range_needs_verification
NIST-MATDB-398100fdfee2739b63544b66842c41ab,CAU-10-H,,10.1039c5ce00789e.Isotherm10,10.1039/c5ce00789e,experimental,298.0,0.000589,bar,1.87,16.1029,mmol/g,0.29009,adsorption,,digitized_from_figure;branch_inferred_from_point_order;narrow_rh_range_needs_verification
NIST-MATDB-398100fdfee2739b63544b66842c41ab,CAU-10-H,,10.1039c5ce00789e.Isotherm10,10.1039/c5ce00789e,experimental,298.0,0.000613,bar,1.95,16.256,mmol/g,0.29285,adsorption,,digitized_from_figure;branch_inferred_from_point_order;narrow_rh_range_needs_verification
NIST-MATDB-398100fdfee2739b63544b66842c41ab,CAU-10-H,,10.1039c5ce00789e.Isotherm10,10.1039/c5ce00789e,experimental,298.0,0.000637,bar,2.02,16.3579,mmol/g,0.29469,adsorption,,digitized_from_figure;branch_inferred_from_point_order;narrow_rh_range_needs_verification
NIST-MATDB-398100fdfee2739b63544b66842c41ab,CAU-10-H,,10.1039c5ce00789e.Isotherm10,10.1039/c5ce00789e,experimental,298.0,0.000646,bar,2.05,16.9204,mmol/g,0.30482,adsorption,,digitized_from_figure;branch_inferred_from_point_order;narrow_rh_range_needs_verification
NIST-MATDB-398100fdfee2739b63544b66842c41ab,CAU-10-H,,10.1039c5ce00789e.Isotherm10,10.1039/c5ce00789e,experimental,298.0,0.000656,bar,2.08,16.4599,mmol/g,0.29653,adsorption,,digitized_from_figure;branch_inferred_from_point_order;narrow_rh_range_needs_verification
NIST-MATDB-398100fdfee2739b63544b66842c41ab,CAU-10-H,,10.1039c5ce00789e.Isotherm10,10.1039/c5ce00789e,experimental,298.0,0.00068,bar,2.16,16.5107,mmol/g,0.29744,adsorption,,digitized_from_figure;branch_inferred_from_point_order;narrow_rh_range_needs_verification
NIST-MATDB-398100fdfee2739b63544b66842c41ab,CAU-10-H,,10.1039c5ce00789e.Isotherm10,10.1039/c5ce00789e,experimental,298.0,0.000699,bar,2.22,16.5615,mmol/g,0.29836,adsorption,,digitized_from_figure;branch_inferred_from_point_order;narrow_rh_range_needs_verification
NIST-MATDB-398100fdfee2739b63544b66842c41ab,CAU-10-H,,10.1039c5ce00789e.Isotherm10,10.1039/c5ce00789e,experimental,298.0,0.000718,bar,2.28,16.6635,mmol/g,0.30019,adsorption,,digitized_from_figure;branch_inferred_from_point_order;narrow_rh_range_needs_verification
NIST-MATDB-398100fdfee2739b63544b66842c41ab,CAU-10-H,,10.1039c5ce00789e.Isotherm10,10.1039/c5ce00789e,experimental,298.0,0.000742,bar,2.36,16.7143,mmol/g,0.30111,adsorption,,digitized_from_figure;branch_inferred_from_point_order;narrow_rh_range_needs_verification
NIST-MATDB-398100fdfee2739b63544b66842c41ab,CAU-10-H,,10.1039c5ce00789e.Isotherm10,10.1039/c5ce00789e,experimental,298.0,0.000766,bar,2.43,16.765,mmol/g,0.30202,adsorption,,digitized_from_figure;branch_inferred_from_point_order;narrow_rh_range_needs_verification
NIST-MATDB-398100fdfee2739b63544b66842c41ab,CAU-10-H,,10.1039c5ce00789e.Isotherm10,10.1039/c5ce00789e,experimental,298.0,0.000785,bar,2.49,16.8159,mmol/g,0.30294,adsorption,,digitized_from_figure;branch_inferred_from_point_order;narrow_rh_range_needs_verification
NIST-MATDB-398100fdfee2739b63544b66842c41ab,CAU-10-H,,10.1039c5ce00789e.Isotherm10,10.1039/c5ce00789e,experimental,298.0,0.000804,bar,2.55,16.8667,mmol/g,0.30385,adsorption,,digitized_from_figure;branch_inferred_from_point_order;narrow_rh_range_needs_verification
NIST-MATDB-398100fdfee2739b63544b66842c41ab,CAU-10-H,,10.1039c5ce00789e.Isotherm10,10.1039/c5ce00789e,experimental,298.0,0.000809,bar,2.57,17.327,mmol/g,0.31215,adsorption,,digitized_from_figure;branch_inferred_from_point_order;narrow_rh_range_needs_verification
NIST-MATDB-398100fdfee2739b63544b66842c41ab,CAU-10-H,,10.1039c5ce00789e.Isotherm10,10.1039/c5ce00789e,experimental,298.0,0.000823,bar,2.61,16.9175,mmol/g,0.30477,adsorption,,digitized_from_figure;branch_inferred_from_point_order;narrow_rh_range_needs_verification
NIST-MATDB-398100fdfee2739b63544b66842c41ab,CAU-10-H,,10.1039c5ce00789e.Isotherm10,10.1039/c5ce00789e,experimental,298.0,0.000847,bar,2.69,16.9683,mmol/g,0.30568,adsorption,,digitized_from_figure;branch_inferred_from_point_order;narrow_rh_range_needs_verification
NIST-MATDB-398100fdfee2739b63544b66842c41ab,CAU-10-H,,10.1039c5ce00789e.Isotherm10,10.1039/c5ce00789e,experimental,298.0,0.000861,bar,2.73,16.9681,mmol/g,0.30568,adsorption,,digitized_from_figure;branch_inferred_from_point_order;narrow_rh_range_needs_verification
NIST-MATDB-398100fdfee2739b63544b66842c41ab,CAU-10-H,,10.1039c5ce00789e.Isotherm10,10.1039/c5ce00789e,experimental,298.0,0.000885,bar,2.81,16.9677,mmol/g,0.30567,adsorption,,digitized_from_figure;branch_inferred_from_point_order;narrow_rh_range_needs_verification
NIST-MATDB-398100fdfee2739b63544b66842c41ab,CAU-10-H,,10.1039c5ce00789e.Isotherm10,10.1039/c5ce00789e,experimental,298.0,0.000909,bar,2.89,17.0184,mmol/g,0.30659,adsorption,,digitized_from_figure;branch_inferred_from_point_order;narrow_rh_range_needs_verification
NIST-MATDB-398100fdfee2739b63544b66842c41ab,CAU-10-H,,10.1039c5ce00789e.Isotherm10,10.1039/c5ce00789e,experimental,298.0,0.000967,bar,3.07,17.529,mmol/g,0.31578,adsorption,,digitized_from_figure;branch_inferred_from_point_order;narrow_rh_range_needs_verification
NIST-MATDB-398100fdfee2739b63544b66842c41ab,CAU-10-H,,10.1039c5ce00789e.Isotherm10,10.1039/c5ce00789e,experimental,298.0,0.001086,bar,3.45,17.3225,mmol/g,0.31206,adsorption,,digitized_from_figure;branch_inferred_from_point_order;narrow_rh_range_needs_verification
NIST-MATDB-398100fdfee2739b63544b66842c41ab,CAU-10-H,,10.1039c5ce00789e.Isotherm10,10.1039/c5ce00789e,experimental,298.0,0.001129,bar,3.58,17.8844,mmol/g,0.32219,adsorption,,digitized_from_figure;branch_inferred_from_point_order;narrow_rh_range_needs_verification
NIST-MATDB-398100fdfee2739b63544b66842c41ab,CAU-10-H,,10.1039c5ce00789e.Isotherm10,10.1039/c5ce00789e,experimental,298.0,0.001244,bar,3.95,17.6268,mmol/g,0.31755,adsorption,,digitized_from_figure;branch_inferred_from_point_order;narrow_rh_range_needs_verification
NIST-MATDB-398100fdfee2739b63544b66842c41ab,CAU-10-H,,10.1039c5ce00789e.Isotherm10,10.1039/c5ce00789e,experimental,298.0,0.001306,bar,4.15,18.1885,mmol/g,0.32767,adsorption,,digitized_from_figure;branch_inferred_from_point_order;narrow_rh_range_needs_verification
NIST-MATDB-398100fdfee2739b63544b66842c41ab,CAU-10-H,,10.1039c5ce00789e.Isotherm10,10.1039/c5ce00789e,experimental,298.0,0.001382,bar,4.39,17.8803,mmol/g,0.32211,adsorption,,digitized_from_figure;branch_inferred_from_point_order;narrow_rh_range_needs_verification
NIST-MATDB-398100fdfee2739b63544b66842c41ab,CAU-10-H,,10.1039c5ce00789e.Isotherm10,10.1039/c5ce00789e,experimental,298.0,0.001464,bar,4.65,18.4416,mmol/g,0.33223,adsorption,,digitized_from_figure;branch_inferred_from_point_order;narrow_rh_range_needs_verification
NIST-MATDB-398100fdfee2739b63544b66842c41ab,CAU-10-H,,10.1039c5ce00789e.Isotherm10,10.1039/c5ce00789e,experimental,298.0,0.001578,bar,5.01,18.2863,mmol/g,0.32943,adsorption,,digitized_from_figure;branch_inferred_from_point_order;narrow_rh_range_needs_verification
NIST-MATDB-398100fdfee2739b63544b66842c41ab,CAU-10-H,,10.1039c5ce00789e.Isotherm10,10.1039/c5ce00789e,experimental,298.0,0.001621,bar,5.15,18.746,mmol/g,0.33771,adsorption,,digitized_from_figure;branch_inferred_from_point_order;narrow_rh_range_needs_verification
NIST-MATDB-398100fdfee2739b63544b66842c41ab,CAU-10-H,,10.1039c5ce00789e.Isotherm10,10.1039/c5ce00789e,experimental,298.0,0.001755,bar,5.57,18.6415,mmol/g,0.33583,adsorption,,digitized_from_figure;branch_inferred_from_point_order;narrow_rh_range_needs_verification
NIST-MATDB-398100fdfee2739b63544b66842c41ab,CAU-10-H,,10.1039c5ce00789e.Isotherm10,10.1039/c5ce00789e,experimental,298.0,0.001765,bar,5.6,19.0506,mmol/g,0.3432,adsorption,,digitized_from_figure;branch_inferred_from_point_order;narrow_rh_range_needs_verification
NIST-MATDB-398100fdfee2739b63544b66842c41ab,CAU-10-H,,10.1039c5ce00789e.Isotherm10,10.1039/c5ce00789e,experimental,298.0,0.001927,bar,6.12,19.0479,mmol/g,0.34315,adsorption,,digitized_from_figure;branch_inferred_from_point_order;narrow_rh_range_needs_verification
NIST-MATDB-398100fdfee2739b63544b66842c41ab,CAU-10-H,,10.1039c5ce00789e.Isotherm10,10.1039/c5ce00789e,experimental,298.0,0.001942,bar,6.16,19.4057,mmol/g,0.34959,adsorption,,digitized_from_figure;branch_inferred_from_point_order;narrow_rh_range_needs_verification
NIST-MATDB-398100fdfee2739b63544b66842c41ab,CAU-10-H,,10.1039c5ce00789e.Isotherm10,10.1039/c5ce00789e,experimental,298.0,0.002085,bar,6.62,19.6591,mmol/g,0.35416,adsorption,,digitized_from_figure;branch_inferred_from_point_order;narrow_rh_range_needs_verification
NIST-MATDB-398100fdfee2739b63544b66842c41ab,CAU-10-H,,10.1039c5ce00789e.Isotherm10,10.1039/c5ce00789e,experimental,298.0,0.002099,bar,6.66,19.352,mmol/g,0.34863,adsorption,,digitized_from_figure;branch_inferred_from_point_order;narrow_rh_range_needs_verification
NIST-MATDB-398100fdfee2739b63544b66842c41ab,CAU-10-H,,10.1039c5ce00789e.Isotherm10,10.1039/c5ce00789e,experimental,298.0,0.002243,bar,7.12,19.8612,mmol/g,0.3578,adsorption,,digitized_from_figure;branch_inferred_from_point_order;narrow_rh_range_needs_verification
NIST-MATDB-398100fdfee2739b63544b66842c41ab,CAU-10-H,,10.1039c5ce00789e.Isotherm10,10.1039/c5ce00789e,experimental,298.0,0.002271,bar,7.21,19.7073,mmol/g,0.35503,adsorption,,digitized_from_figure;branch_inferred_from_point_order;narrow_rh_range_needs_verification
NIST-MATDB-398100fdfee2739b63544b66842c41ab,CAU-10-H,,10.1039c5ce00789e.Isotherm10,10.1039/c5ce00789e,experimental,298.0,0.002386,bar,7.57,20.1146,mmol/g,0.36236,adsorption,,digitized_from_figure;branch_inferred_from_point_order;narrow_rh_range_needs_verification
NIST-MATDB-398100fdfee2739b63544b66842c41ab,CAU-10-H,,10.1039c5ce00789e.Isotherm10,10.1039/c5ce00789e,experimental,298.0,0.002448,bar,7.77,20.0113,mmol/g,0.3605,adsorption,,digitized_from_figure;branch_inferred_from_point_order;narrow_rh_range_needs_verification
NIST-MATDB-398100fdfee2739b63544b66842c41ab,CAU-10-H,,10.1039c5ce00789e.Isotherm10,10.1039/c5ce00789e,experimental,298.0,0.002573,bar,8.17,20.3162,mmol/g,0.366,adsorption,,digitized_from_figure;branch_inferred_from_point_order;narrow_rh_range_needs_verification
NIST-MATDB-398100fdfee2739b63544b66842c41ab,CAU-10-H,,10.1039c5ce00789e.Isotherm10,10.1039/c5ce00789e,experimental,298.0,0.002654,bar,8.42,20.3148,mmol/g,0.36597,adsorption,,digitized_from_figure;branch_inferred_from_point_order;narrow_rh_range_needs_verification
NIST-MATDB-398100fdfee2739b63544b66842c41ab,CAU-10-H,,10.1039c5ce00789e.Isotherm10,10.1039/c5ce00789e,experimental,298.0,0.002735,bar,8.68,20.467,mmol/g,0.36871,adsorption,,digitized_from_figure;branch_inferred_from_point_order;narrow_rh_range_needs_verification
NIST-MATDB-398100fdfee2739b63544b66842c41ab,CAU-10-H,,10.1039c5ce00789e.Isotherm10,10.1039/c5ce00789e,experimental,298.0,0.002845,bar,9.03,20.5675,mmol/g,0.37052,adsorption,,digitized_from_figure;branch_inferred_from_point_order;narrow_rh_range_needs_verification
NIST-MATDB-398100fdfee2739b63544b66842c41ab,CAU-10-H,,10.1039c5ce00789e.Isotherm11,10.1039/c5ce00789e,experimental,288.0,0.0,bar,0.0,0.0,mmol/g,0.0,adsorption,,digitized_from_figure;branch_inferred_from_point_order;narrow_rh_range_needs_verification
NIST-MATDB-398100fdfee2739b63544b66842c41ab,CAU-10-H,,10.1039c5ce00789e.Isotherm11,10.1039/c5ce00789e,experimental,288.0,5e-06,bar,0.03,0.153298,mmol/g,0.00276,adsorption,,digitized_from_figure;branch_inferred_from_point_order;narrow_rh_range_needs_verification
NIST-MATDB-398100fdfee2739b63544b66842c41ab,CAU-10-H,,10.1039c5ce00789e.Isotherm11,10.1039/c5ce00789e,experimental,288.0,2.3e-05,bar,0.14,0.255055,mmol/g,0.00459,adsorption,,digitized_from_figure;branch_inferred_from_point_order;narrow_rh_range_needs_verification
NIST-MATDB-398100fdfee2739b63544b66842c41ab,CAU-10-H,,10.1039c5ce00789e.Isotherm11,10.1039/c5ce00789e,experimental,288.0,4.9e-05,bar,0.29,0.305427,mmol/g,0.0055,adsorption,,digitized_from_figure;branch_inferred_from_point_order;narrow_rh_range_needs_verification
NIST-MATDB-398100fdfee2739b63544b66842c41ab,CAU-10-H,,10.1039c5ce00789e.Isotherm11,10.1039/c5ce00789e,experimental,288.0,8e-05,bar,0.48,0.355644,mmol/g,0.00641,adsorption,,digitized_from_figure;branch_inferred_from_point_order;narrow_rh_range_needs_verification
NIST-MATDB-398100fdfee2739b63544b66842c41ab,CAU-10-H,,10.1039c5ce00789e.Isotherm11,10.1039/c5ce00789e,experimental,288.0,0.000113,bar,0.68,0.508085,mmol/g,0.00915,adsorption,,digitized_from_figure;branch_inferred_from_point_order;narrow_rh_range_needs_verification
NIST-MATDB-398100fdfee2739b63544b66842c41ab,CAU-10-H,,10.1039c5ce00789e.Isotherm11,10.1039/c5ce00789e,experimental,288.0,0.000146,bar,0.87,0.558224,mmol/g,0.01006,adsorption,,digitized_from_figure;branch_inferred_from_point_order;narrow_rh_range_needs_verification
NIST-MATDB-398100fdfee2739b63544b66842c41ab,CAU-10-H,,10.1039c5ce00789e.Isotherm11,10.1039/c5ce00789e,experimental,288.0,0.000229,bar,1.37,0.964942,mmol/g,0.01738,adsorption,,digitized_from_figure;branch_inferred_from_point_order;narrow_rh_range_needs_verification
NIST-MATDB-398100fdfee2739b63544b66842c41ab,CAU-10-H,,10.1039c5ce00789e.Isotherm11,10.1039/c5ce00789e,experimental,288.0,0.000234,bar,1.4,1.42515,mmol/g,0.02567,adsorption,,digitized_from_figure;branch_inferred_from_point_order;narrow_rh_range_needs_verification
NIST-MATDB-398100fdfee2739b63544b66842c41ab,CAU-10-H,,10.1039c5ce00789e.Isotherm11,10.1039/c5ce00789e,experimental,288.0,0.000236,bar,1.41,1.83428,mmol/g,0.03304,adsorption,,digitized_from_figure;branch_inferred_from_point_order;narrow_rh_range_needs_verification
NIST-MATDB-398100fdfee2739b63544b66842c41ab,CAU-10-H,,10.1039c5ce00789e.Isotherm11,10.1039/c5ce00789e,experimental,288.0,0.000239,bar,1.43,2.29456,mmol/g,0.04134,adsorption,,digitized_from_figure;branch_inferred_from_point_order;narrow_rh_range_needs_verification
NIST-MATDB-398100fdfee2739b63544b66842c41ab,CAU-10-H,,10.1039c5ce00789e.Isotherm11,10.1039/c5ce00789e,experimental,288.0,0.000239,bar,1.43,2.75492,mmol/g,0.04963,adsorption,,digitized_from_figure;branch_inferred_from_point_order;narrow_rh_range_needs_verification
NIST-MATDB-398100fdfee2739b63544b66842c41ab,CAU-10-H,,10.1039c5ce00789e.Isotherm11,10.1039/c5ce00789e,experimental,288.0,0.000241,bar,1.44,3.2152,mmol/g,0.05792,adsorption,,digitized_from_figure;branch_inferred_from_point_order;narrow_rh_range_needs_verification
NIST-MATDB-398100fdfee2739b63544b66842c41ab,CAU-10-H,,10.1039c5ce00789e.Isotherm11,10.1039/c5ce00789e,experimental,288.0,0.000241,bar,1.44,3.62441,mmol/g,0.06529,adsorption,,digitized_from_figure;branch_inferred_from_point_order;narrow_rh_range_needs_verification
NIST-MATDB-398100fdfee2739b63544b66842c41ab,CAU-10-H,,10.1039c5ce00789e.Isotherm11,10.1039/c5ce00789e,experimental,288.0,0.000243,bar,1.46,6.28419,mmol/g,0.11321,adsorption,,digitized_from_figure;branch_inferred_from_point_order;narrow_rh_range_needs_verification
NIST-MATDB-398100fdfee2739b63544b66842c41ab,CAU-10-H,,10.1039c5ce00789e.Isotherm11,10.1039/c5ce00789e,experimental,288.0,0.000243,bar,1.46,6.74455,mmol/g,0.1215,adsorption,,digitized_from_figure;branch_inferred_from_point_order;narrow_rh_range_needs_verification
NIST-MATDB-398100fdfee2739b63544b66842c41ab,CAU-10-H,,10.1039c5ce00789e.Isotherm11,10.1039/c5ce00789e,experimental,288.0,0.000244,bar,1.46,4.08469,mmol/g,0.07359,adsorption,,digitized_from_figure;branch_inferred_from_point_order;narrow_rh_range_needs_verification
NIST-MATDB-398100fdfee2739b63544b66842c41ab,CAU-10-H,,10.1039c5ce00789e.Isotherm11,10.1039/c5ce00789e,experimental,288.0,0.000244,bar,1.46,4.4939,mmol/g,0.08096,adsorption,,digitized_from_figure;branch_inferred_from_point_order;narrow_rh_range_needs_verification
NIST-MATDB-398100fdfee2739b63544b66842c41ab,CAU-10-H,,10.1039c5ce00789e.Isotherm11,10.1039/c5ce00789e,experimental,288.0,0.000244,bar,1.46,5.00541,mmol/g,0.09017,adsorption,,digitized_from_figure;branch_inferred_from_point_order;narrow_rh_range_needs_verification
NIST-MATDB-398100fdfee2739b63544b66842c41ab,CAU-10-H,,10.1039c5ce00789e.Isotherm11,10.1039/c5ce00789e,experimental,288.0,0.000244,bar,1.46,5.36347,mmol/g,0.09662,adsorption,,digitized_from_figure;branch_inferred_from_point_order;narrow_rh_range_needs_verification
NIST-MATDB-398100fdfee2739b63544b66842c41ab,CAU-10-H,,10.1039c5ce00789e.Isotherm11,10.1039/c5ce00789e,experimental,288.0,0.000244,bar,1.46,5.87498,mmol/g,0.10584,adsorption,,digitized_from_figure;branch_inferred_from_point_order;narrow_rh_range_needs_verification
NIST-MATDB-398100fdfee2739b63544b66842c41ab,CAU-10-H,,10.1039c5ce00789e.Isotherm11,10.1039/c5ce00789e,experimental,288.0,0.000245,bar,1.47,10.5808,mmol/g,0.19061,adsorption,,digitized_from_figure;branch_inferred_from_point_order;narrow_rh_range_needs_verification
NIST-MATDB-398100fdfee2739b63544b66842c41ab,CAU-10-H,,10.1039c5ce00789e.Isotherm11,10.1039/c5ce00789e,experimental,288.0,0.000245,bar,1.47,11.0412,mmol/g,0.19891,adsorption,,digitized_from_figure;branch_inferred_from_point_order;narrow_rh_range_needs_verification
NIST-MATDB-398100fdfee2739b63544b66842c41ab,CAU-10-H,,10.1039c5ce00789e.Isotherm11,10.1039/c5ce00789e,experimental,288.0,0.000246,bar,1.47,7.15368,mmol/g,0.12887,adsorption,,digitized_from_figure;branch_inferred_from_point_order;narrow_rh_range_needs_verification
NIST-MATDB-398100fdfee2739b63544b66842c41ab,CAU-10-H,,10.1039c5ce00789e.Isotherm11,10.1039/c5ce00789e,experimental,288.0,0.000246,bar,1.47,7.56289,mmol/g,0.13625,adsorption,,digitized_from_figure;branch_inferred_from_point_order;narrow_rh_range_needs_verification
NIST-MATDB-398100fdfee2739b63544b66842c41ab,CAU-10-H,,10.1039c5ce00789e.Isotherm11,10.1039/c5ce00789e,experimental,288.0,0.000246,bar,1.47,7.9721,mmol/g,0.14362,adsorption,,digitized_from_figure;branch_inferred_from_point_order;narrow_rh_range_needs_verification
NIST-MATDB-398100fdfee2739b63544b66842c41ab,CAU-10-H,,10.1039c5ce00789e.Isotherm11,10.1039/c5ce00789e,experimental,288.0,0.000246,bar,1.47,8.38131,mmol/g,0.15099,adsorption,,digitized_from_figure;branch_inferred_from_point_order;narrow_rh_range_needs_verification
NIST-MATDB-398100fdfee2739b63544b66842c41ab,CAU-10-H,,10.1039c5ce00789e.Isotherm11,10.1039/c5ce00789e,experimental,288.0,0.000246,bar,1.47,8.84167,mmol/g,0.15928,adsorption,,digitized_from_figure;branch_inferred_from_point_order;narrow_rh_range_needs_verification
NIST-MATDB-398100fdfee2739b63544b66842c41ab,CAU-10-H,,10.1039c5ce00789e.Isotherm11,10.1039/c5ce00789e,experimental,288.0,0.000246,bar,1.47,9.35318,mmol/g,0.1685,adsorption,,digitized_from_figure;branch_inferred_from_point_order;narrow_rh_range_needs_verification
NIST-MATDB-398100fdfee2739b63544b66842c41ab,CAU-10-H,,10.1039c5ce00789e.Isotherm11,10.1039/c5ce00789e,experimental,288.0,0.000246,bar,1.47,9.71123,mmol/g,0.17495,adsorption,,digitized_from_figure;branch_inferred_from_point_order;narrow_rh_range_needs_verification
NIST-MATDB-398100fdfee2739b63544b66842c41ab,CAU-10-H,,10.1039c5ce00789e.Isotherm11,10.1039/c5ce00789e,experimental,288.0,0.000246,bar,1.47,10.1716,mmol/g,0.18324,adsorption,,digitized_from_figure;branch_inferred_from_point_order;narrow_rh_range_needs_verification
NIST-MATDB-398100fdfee2739b63544b66842c41ab,CAU-10-H,,10.1039c5ce00789e.Isotherm11,10.1039/c5ce00789e,experimental,288.0,0.000248,bar,1.49,11.5014,mmol/g,0.2072,adsorption,,digitized_from_figure;branch_inferred_from_point_order;narrow_rh_range_needs_verification
NIST-MATDB-398100fdfee2739b63544b66842c41ab,CAU-10-H,,10.1039c5ce00789e.Isotherm11,10.1039/c5ce00789e,experimental,288.0,0.000248,bar,1.49,11.8595,mmol/g,0.21365,adsorption,,digitized_from_figure;branch_inferred_from_point_order;narrow_rh_range_needs_verification
NIST-MATDB-398100fdfee2739b63544b66842c41ab,CAU-10-H,,10.1039c5ce00789e.Isotherm11,10.1039/c5ce00789e,experimental,288.0,0.00025,bar,1.5,12.3198,mmol/g,0.22194,adsorption,,digitized_from_figure;branch_inferred_from_point_order;narrow_rh_range_needs_verification
NIST-MATDB-398100fdfee2739b63544b66842c41ab,CAU-10-H,,10.1039c5ce00789e.Isotherm11,10.1039/c5ce00789e,experimental,288.0,0.00025,bar,1.5,12.7801,mmol/g,0.23023,adsorption,,digitized_from_figure;branch_inferred_from_point_order;narrow_rh_range_needs_verification
NIST-MATDB-398100fdfee2739b63544b66842c41ab,CAU-10-H,,10.1039c5ce00789e.Isotherm11,10.1039/c5ce00789e,experimental,288.0,0.00025,bar,1.5,13.1894,mmol/g,0.23761,adsorption,,digitized_from_figure;branch_inferred_from_point_order;narrow_rh_range_needs_verification
NIST-MATDB-398100fdfee2739b63544b66842c41ab,CAU-10-H,,10.1039c5ce00789e.Isotherm11,10.1039/c5ce00789e,experimental,288.0,0.00025,bar,1.5,13.6497,mmol/g,0.2459,adsorption,,digitized_from_figure;branch_inferred_from_point_order;narrow_rh_range_needs_verification
NIST-MATDB-398100fdfee2739b63544b66842c41ab,CAU-10-H,,10.1039c5ce00789e.Isotherm11,10.1039/c5ce00789e,experimental,288.0,0.000253,bar,1.52,14.0588,mmol/g,0.25327,adsorption,,digitized_from_figure;branch_inferred_from_point_order;narrow_rh_range_needs_verification
NIST-MATDB-398100fdfee2739b63544b66842c41ab,CAU-10-H,,10.1039c5ce00789e.Isotherm11,10.1039/c5ce00789e,experimental,288.0,0.000255,bar,1.53,14.5191,mmol/g,0.26156,adsorption,,digitized_from_figure;branch_inferred_from_point_order;narrow_rh_range_needs_verification
NIST-MATDB-398100fdfee2739b63544b66842c41ab,CAU-10-H,,10.1039c5ce00789e.Isotherm11,10.1039/c5ce00789e,experimental,288.0,0.000258,bar,1.55,14.9794,mmol/g,0.26985,adsorption,,digitized_from_figure;branch_inferred_from_point_order;narrow_rh_range_needs_verification
NIST-MATDB-398100fdfee2739b63544b66842c41ab,CAU-10-H,,10.1039c5ce00789e.Isotherm11,10.1039/c5ce00789e,experimental,288.0,0.00026,bar,1.56,15.2862,mmol/g,0.27538,adsorption,,digitized_from_figure;branch_inferred_from_point_order;narrow_rh_range_needs_verification
NIST-MATDB-398100fdfee2739b63544b66842c41ab,CAU-10-H,,10.1039c5ce00789e.Isotherm11,10.1039/c5ce00789e,experimental,288.0,0.00026,bar,1.56,16.8208,mmol/g,0.30303,adsorption,,digitized_from_figure;branch_inferred_from_point_order;narrow_rh_range_needs_verification
NIST-MATDB-398100fdfee2739b63544b66842c41ab,CAU-10-H,,10.1039c5ce00789e.Isotherm11,10.1039/c5ce00789e,experimental,288.0,0.000265,bar,1.59,15.7976,mmol/g,0.28459,adsorption,,digitized_from_figure;branch_inferred_from_point_order;narrow_rh_range_needs_verification
NIST-MATDB-398100fdfee2739b63544b66842c41ab,CAU-10-H,,10.1039c5ce00789e.Isotherm11,10.1039/c5ce00789e,experimental,288.0,0.000278,bar,1.67,16.1553,mmol/g,0.29104,adsorption,,digitized_from_figure;branch_inferred_from_point_order;narrow_rh_range_needs_verification
NIST-MATDB-398100fdfee2739b63544b66842c41ab,CAU-10-H,,10.1039c5ce00789e.Isotherm11,10.1039/c5ce00789e,experimental,288.0,0.000309,bar,1.85,17.1262,mmol/g,0.30853,adsorption,,digitized_from_figure;branch_inferred_from_point_order;narrow_rh_range_needs_verification
NIST-MATDB-398100fdfee2739b63544b66842c41ab,CAU-10-H,,10.1039c5ce00789e.Isotherm11,10.1039/c5ce00789e,experimental,288.0,0.000335,bar,2.01,16.6139,mmol/g,0.2993,adsorption,,digitized_from_figure;branch_inferred_from_point_order;narrow_rh_range_needs_verification
NIST-MATDB-398100fdfee2739b63544b66842c41ab,CAU-10-H,,10.1039c5ce00789e.Isotherm11,10.1039/c5ce00789e,experimental,288.0,0.000373,bar,2.23,17.3289,mmol/g,0.31218,adsorption,,digitized_from_figure;branch_inferred_from_point_order;narrow_rh_range_needs_verification
NIST-MATDB-398100fdfee2739b63544b66842c41ab,CAU-10-H,,10.1039c5ce00789e.Isotherm11,10.1039/c5ce00789e,experimental,288.0,0.000432,bar,2.59,17.0202,mmol/g,0.30662,adsorption,,digitized_from_figure;branch_inferred_from_point_order;narrow_rh_range_needs_verification
NIST-MATDB-398100fdfee2739b63544b66842c41ab,CAU-10-H,,10.1039c5ce00789e.Isotherm11,10.1039/c5ce00789e,experimental,288.0,0.000445,bar,2.67,17.5824,mmol/g,0.31675,adsorption,,digitized_from_figure;branch_inferred_from_point_order;narrow_rh_range_needs_verification
NIST-MATDB-398100fdfee2739b63544b66842c41ab,CAU-10-H,,10.1039c5ce00789e.Isotherm11,10.1039/c5ce00789e,experimental,288.0,0.00052,bar,3.12,17.8359,mmol/g,0.32131,adsorption,,digitized_from_figure;branch_inferred_from_point_order;narrow_rh_range_needs_verification
NIST-MATDB-398100fdfee2739b63544b66842c41ab,CAU-10-H,,10.1039c5ce00789e.Isotherm11,10.1039/c5ce00789e,experimental,288.0,0.000543,bar,3.25,17.3749,mmol/g,0.31301,adsorption,,digitized_from_figure;branch_inferred_from_point_order;narrow_rh_range_needs_verification
NIST-MATDB-398100fdfee2739b63544b66842c41ab,CAU-10-H,,10.1039c5ce00789e.Isotherm11,10.1039/c5ce00789e,experimental,288.0,0.000581,bar,3.48,18.0898,mmol/g,0.32589,adsorption,,digitized_from_figure;branch_inferred_from_point_order;narrow_rh_range_needs_verification
NIST-MATDB-398100fdfee2739b63544b66842c41ab,CAU-10-H,,10.1039c5ce00789e.Isotherm11,10.1039/c5ce00789e,experimental,288.0,0.00064,bar,3.83,18.3949,mmol/g,0.33138,adsorption,,digitized_from_figure;branch_inferred_from_point_order;narrow_rh_range_needs_verification
NIST-MATDB-398100fdfee2739b63544b66842c41ab,CAU-10-H,,10.1039c5ce00789e.Isotherm11,10.1039/c5ce00789e,experimental,288.0,0.000643,bar,3.85,17.781,mmol/g,0.32032,adsorption,,digitized_from_figure;branch_inferred_from_point_order;narrow_rh_range_needs_verification
NIST-MATDB-398100fdfee2739b63544b66842c41ab,CAU-10-H,,10.1039c5ce00789e.Isotherm11,10.1039/c5ce00789e,experimental,288.0,0.000718,bar,4.3,18.6995,mmol/g,0.33687,adsorption,,digitized_from_figure;branch_inferred_from_point_order;narrow_rh_range_needs_verification
NIST-MATDB-398100fdfee2739b63544b66842c41ab,CAU-10-H,,10.1039c5ce00789e.Isotherm11,10.1039/c5ce00789e,experimental,288.0,0.000728,bar,4.36,18.1365,mmol/g,0.32673,adsorption,,digitized_from_figure;branch_inferred_from_point_order;narrow_rh_range_needs_verification
NIST-MATDB-398100fdfee2739b63544b66842c41ab,CAU-10-H,,10.1039c5ce00789e.Isotherm11,10.1039/c5ce00789e,experimental,288.0,0.000779,bar,4.67,18.9534,mmol/g,0.34145,adsorption,,digitized_from_figure;branch_inferred_from_point_order;narrow_rh_range_needs_verification
NIST-MATDB-398100fdfee2739b63544b66842c41ab,CAU-10-H,,10.1039c5ce00789e.Isotherm11,10.1039/c5ce00789e,experimental,288.0,0.000808,bar,4.84,18.4922,mmol/g,0.33314,adsorption,,digitized_from_figure;branch_inferred_from_point_order;narrow_rh_range_needs_verification
NIST-MATDB-398100fdfee2739b63544b66842c41ab,CAU-10-H,,10.1039c5ce00789e.Isotherm11,10.1039/c5ce00789e,experimental,288.0,0.000849,bar,5.09,19.207,mmol/g,0.34601,adsorption,,digitized_from_figure;branch_inferred_from_point_order;narrow_rh_range_needs_verification
NIST-MATDB-398100fdfee2739b63544b66842c41ab,CAU-10-H,,10.1039c5ce00789e.Isotherm11,10.1039/c5ce00789e,experimental,288.0,0.000887,bar,5.31,18.8478,mmol/g,0.33954,adsorption,,digitized_from_figure;branch_inferred_from_point_order;narrow_rh_range_needs_verification
NIST-MATDB-398100fdfee2739b63544b66842c41ab,CAU-10-H,,10.1039c5ce00789e.Isotherm11,10.1039/c5ce00789e,experimental,288.0,0.000905,bar,5.42,19.4611,mmol/g,0.35059,adsorption,,digitized_from_figure;branch_inferred_from_point_order;narrow_rh_range_needs_verification
NIST-MATDB-398100fdfee2739b63544b66842c41ab,CAU-10-H,,10.1039c5ce00789e.Isotherm11,10.1039/c5ce00789e,experimental,288.0,0.000967,bar,5.79,19.2035,mmol/g,0.34595,adsorption,,digitized_from_figure;branch_inferred_from_point_order;narrow_rh_range_needs_verification
NIST-MATDB-398100fdfee2739b63544b66842c41ab,CAU-10-H,,10.1039c5ce00789e.Isotherm11,10.1039/c5ce00789e,experimental,288.0,0.000969,bar,5.8,19.7149,mmol/g,0.35516,adsorption,,digitized_from_figure;branch_inferred_from_point_order;narrow_rh_range_needs_verification
NIST-MATDB-398100fdfee2739b63544b66842c41ab,CAU-10-H,,10.1039c5ce00789e.Isotherm11,10.1039/c5ce00789e,experimental,288.0,0.001039,bar,6.22,20.0197,mmol/g,0.36065,adsorption,,digitized_from_figure;branch_inferred_from_point_order;narrow_rh_range_needs_verification
NIST-MATDB-398100fdfee2739b63544b66842c41ab,CAU-10-H,,10.1039c5ce00789e.Isotherm11,10.1039/c5ce00789e,experimental,288.0,0.001049,bar,6.28,19.559,mmol/g,0.35236,adsorption,,digitized_from_figure;branch_inferred_from_point_order;narrow_rh_range_needs_verification
NIST-MATDB-398100fdfee2739b63544b66842c41ab,CAU-10-H,,10.1039c5ce00789e.Isotherm11,10.1039/c5ce00789e,experimental,288.0,0.001144,bar,6.85,19.9142,mmol/g,0.35875,adsorption,,digitized_from_figure;branch_inferred_from_point_order;narrow_rh_range_needs_verification
NIST-MATDB-398100fdfee2739b63544b66842c41ab,CAU-10-H,,10.1039c5ce00789e.Isotherm11,10.1039/c5ce00789e,experimental,288.0,0.001255,bar,7.52,20.2178,mmol/g,0.36422,adsorption,,digitized_from_figure;branch_inferred_from_point_order;narrow_rh_range_needs_verification
NIST-MATDB-398100fdfee2739b63544b66842c41ab,CAU-10-H,,10.1039c5ce00789e.Isotherm11,10.1039/c5ce00789e,experimental,288.0,0.00136,bar,8.15,20.5215,mmol/g,0.36969,adsorption,,digitized_from_figure;branch_inferred_from_point_order;narrow_rh_range_needs_verification
NIST-MATDB-398100fdfee2739b63544b66842c41ab,CAU-10-H,,10.1039c5ce00789e.Isotherm11,10.1039/c5ce00789e,experimental,288.0,0.001399,bar,8.38,20.8272,mmol/g,0.3752,adsorption,,digitized_from_figure;branch_inferred_from_point_order;narrow_rh_range_needs_verification
NIST-MATDB-398100fdfee2739b63544b66842c41ab,CAU-10-H,,10.1039c5ce00789e.Isotherm11,10.1039/c5ce00789e,experimental,288.0,0.001442,bar,8.64,20.877,mmol/g,0.3761,adsorption,,digitized_from_figure;branch_inferred_from_point_order;narrow_rh_range_needs_verification
NIST-MATDB-398100fdfee2739b63544b66842c41ab,CAU-10-H,,10.1039c5ce00789e.Isotherm11,10.1039/c5ce00789e,experimental,288.0,0.001466,bar,8.78,20.9275,mmol/g,0.37701,adsorption,,digitized_from_figure;branch_inferred_from_point_order;narrow_rh_range_needs_verification
NIST-MATDB-398100fdfee2739b63544b66842c41ab,CAU-10-H,,10.1039c5ce00789e.Isotherm11,10.1039/c5ce00789e,experimental,288.0,0.001496,bar,8.96,20.8243,mmol/g,0.37515,adsorption,,digitized_from_figure;branch_inferred_from_point_order;narrow_rh_range_needs_verification
NIST-MATDB-398100fdfee2739b63544b66842c41ab,CAU-10-H,,10.1039c5ce00789e.Isotherm11,10.1039/c5ce00789e,experimental,288.0,0.001517,bar,9.09,21.0282,mmol/g,0.37882,adsorption,,digitized_from_figure;branch_inferred_from_point_order;narrow_rh_range_needs_verification
NIST-MATDB-398100fdfee2739b63544b66842c41ab,CAU-10-H,,10.1039c5ce00789e.Isotherm11,10.1039/c5ce00789e,experimental,288.0,0.001545,bar,9.26,21.0274,mmol/g,0.37881,adsorption,,digitized_from_figure;branch_inferred_from_point_order;narrow_rh_range_needs_verification
NIST-MATDB-398100fdfee2739b63544b66842c41ab,CAU-10-H,,10.1039c5ce00789e.Isotherm11,10.1039/c5ce00789e,experimental,288.0,0.001599,bar,9.58,21.0769,mmol/g,0.3797,adsorption,,digitized_from_figure;branch_inferred_from_point_order;narrow_rh_range_needs_verification
NIST-MATDB-398100fdfee2739b63544b66842c41ab,CAU-10-H,,10.1039c5ce00789e.Isotherm11,10.1039/c5ce00789e,experimental,288.0,0.001656,bar,9.92,21.1775,mmol/g,0.38151,adsorption,,digitized_from_figure;branch_inferred_from_point_order;narrow_rh_range_needs_verification
NIST-MATDB-398100fdfee2739b63544b66842c41ab,CAU-10-H,,10.1039c5ce00789e.Isotherm2,10.1039/c5ce00789e,experimental,298.0,0.0,bar,0.0,0.0,mmol/g,0.0,adsorption,,digitized_from_figure;branch_inferred_from_point_order;narrow_rh_range_needs_verification
NIST-MATDB-398100fdfee2739b63544b66842c41ab,CAU-10-H,,10.1039c5ce00789e.Isotherm2,10.1039/c5ce00789e,experimental,298.0,2.4e-05,bar,0.08,0.051619,mmol/g,0.00093,adsorption,,digitized_from_figure;branch_inferred_from_point_order;narrow_rh_range_needs_verification
NIST-MATDB-398100fdfee2739b63544b66842c41ab,CAU-10-H,,10.1039c5ce00789e.Isotherm2,10.1039/c5ce00789e,experimental,298.0,5.3e-05,bar,0.17,0.103317,mmol/g,0.00186,adsorption,,digitized_from_figure;branch_inferred_from_point_order;narrow_rh_range_needs_verification
NIST-MATDB-398100fdfee2739b63544b66842c41ab,CAU-10-H,,10.1039c5ce00789e.Isotherm2,10.1039/c5ce00789e,experimental,298.0,7.7e-05,bar,0.24,0.154936,mmol/g,0.00279,adsorption,,digitized_from_figure;branch_inferred_from_point_order;narrow_rh_range_needs_verification
NIST-MATDB-398100fdfee2739b63544b66842c41ab,CAU-10-H,,10.1039c5ce00789e.Isotherm2,10.1039/c5ce00789e,experimental,298.0,0.0001,bar,0.32,0.206556,mmol/g,0.00372,adsorption,,digitized_from_figure;branch_inferred_from_point_order;narrow_rh_range_needs_verification
NIST-MATDB-398100fdfee2739b63544b66842c41ab,CAU-10-H,,10.1039c5ce00789e.Isotherm2,10.1039/c5ce00789e,experimental,298.0,0.000134,bar,0.43,0.207101,mmol/g,0.00373,adsorption,,digitized_from_figure;branch_inferred_from_point_order;narrow_rh_range_needs_verification
NIST-MATDB-398100fdfee2739b63544b66842c41ab,CAU-10-H,,10.1039c5ce00789e.Isotherm2,10.1039/c5ce00789e,experimental,298.0,0.000163,bar,0.52,0.771094,mmol/g,0.01389,adsorption,,digitized_from_figure;branch_inferred_from_point_order;narrow_rh_range_needs_verification
NIST-MATDB-398100fdfee2739b63544b66842c41ab,CAU-10-H,,10.1039c5ce00789e.Isotherm2,10.1039/c5ce00789e,experimental,298.0,0.000167,bar,0.53,0.207647,mmol/g,0.00374,adsorption,,digitized_from_figure;branch_inferred_from_point_order;narrow_rh_range_needs_verification
NIST-MATDB-398100fdfee2739b63544b66842c41ab,CAU-10-H,,10.1039c5ce00789e.Isotherm2,10.1039/c5ce00789e,experimental,298.0,0.000172,bar,0.55,0.207725,mmol/g,0.00374,adsorption,,digitized_from_figure;branch_inferred_from_point_order;narrow_rh_range_needs_verification
NIST-MATDB-398100fdfee2739b63544b66842c41ab,CAU-10-H,,10.1039c5ce00789e.Isotherm2,10.1039/c5ce00789e,experimental,298.0,0.000196,bar,0.62,0.208115,mmol/g,0.00375,adsorption,,digitized_from_figure;branch_inferred_from_point_order;narrow_rh_range_needs_verification
NIST-MATDB-398100fdfee2739b63544b66842c41ab,CAU-10-H,,10.1039c5ce00789e.Isotherm2,10.1039/c5ce00789e,experimental,298.0,0.000215,bar,0.68,0.259656,mmol/g,0.00468,adsorption,,digitized_from_figure;branch_inferred_from_point_order;narrow_rh_range_needs_verification
NIST-MATDB-398100fdfee2739b63544b66842c41ab,CAU-10-H,,10.1039c5ce00789e.Isotherm2,10.1039/c5ce00789e,experimental,298.0,0.000234,bar,0.74,0.259968,mmol/g,0.00468,adsorption,,digitized_from_figure;branch_inferred_from_point_order;narrow_rh_range_needs_verification
NIST-MATDB-398100fdfee2739b63544b66842c41ab,CAU-10-H,,10.1039c5ce00789e.Isotherm2,10.1039/c5ce00789e,experimental,298.0,0.000253,bar,0.8,0.31151,mmol/g,0.00561,adsorption,,digitized_from_figure;branch_inferred_from_point_order;narrow_rh_range_needs_verification
NIST-MATDB-398100fdfee2739b63544b66842c41ab,CAU-10-H,,10.1039c5ce00789e.Isotherm2,10.1039/c5ce00789e,experimental,298.0,0.000268,bar,0.85,0.311744,mmol/g,0.00562,adsorption,,digitized_from_figure;branch_inferred_from_point_order;narrow_rh_range_needs_verification
NIST-MATDB-398100fdfee2739b63544b66842c41ab,CAU-10-H,,10.1039c5ce00789e.Isotherm2,10.1039/c5ce00789e,experimental,298.0,0.000287,bar,0.91,0.363285,mmol/g,0.00654,adsorption,,digitized_from_figure;branch_inferred_from_point_order;narrow_rh_range_needs_verification
NIST-MATDB-398100fdfee2739b63544b66842c41ab,CAU-10-H,,10.1039c5ce00789e.Isotherm2,10.1039/c5ce00789e,experimental,298.0,0.000306,bar,0.97,0.363597,mmol/g,0.00655,adsorption,,digitized_from_figure;branch_inferred_from_point_order;narrow_rh_range_needs_verification
NIST-MATDB-398100fdfee2739b63544b66842c41ab,CAU-10-H,,10.1039c5ce00789e.Isotherm2,10.1039/c5ce00789e,experimental,298.0,0.00032,bar,1.02,0.978585,mmol/g,0.01763,adsorption,,digitized_from_figure;branch_inferred_from_point_order;narrow_rh_range_needs_verification
NIST-MATDB-398100fdfee2739b63544b66842c41ab,CAU-10-H,,10.1039c5ce00789e.Isotherm2,10.1039/c5ce00789e,experimental,298.0,0.000335,bar,1.06,0.415294,mmol/g,0.00748,adsorption,,digitized_from_figure;branch_inferred_from_point_order;narrow_rh_range_needs_verification
NIST-MATDB-398100fdfee2739b63544b66842c41ab,CAU-10-H,,10.1039c5ce00789e.Isotherm2,10.1039/c5ce00789e,experimental,298.0,0.000354,bar,1.12,0.466836,mmol/g,0.00841,adsorption,,digitized_from_figure;branch_inferred_from_point_order;narrow_rh_range_needs_verification
NIST-MATDB-398100fdfee2739b63544b66842c41ab,CAU-10-H,,10.1039c5ce00789e.Isotherm2,10.1039/c5ce00789e,experimental,298.0,0.000373,bar,1.18,0.467148,mmol/g,0.00842,adsorption,,digitized_from_figure;branch_inferred_from_point_order;narrow_rh_range_needs_verification
NIST-MATDB-398100fdfee2739b63544b66842c41ab,CAU-10-H,,10.1039c5ce00789e.Isotherm2,10.1039/c5ce00789e,experimental,298.0,0.000387,bar,1.23,0.467382,mmol/g,0.00842,adsorption,,digitized_from_figure;branch_inferred_from_point_order;narrow_rh_range_needs_verification
NIST-MATDB-398100fdfee2739b63544b66842c41ab,CAU-10-H,,10.1039c5ce00789e.Isotherm2,10.1039/c5ce00789e,experimental,298.0,0.000411,bar,1.3,0.519001,mmol/g,0.00935,adsorption,,digitized_from_figure;branch_inferred_from_point_order;narrow_rh_range_needs_verification
NIST-MATDB-398100fdfee2739b63544b66842c41ab,CAU-10-H,,10.1039c5ce00789e.Isotherm2,10.1039/c5ce00789e,experimental,298.0,0.000426,bar,1.35,0.570464,mmol/g,0.01028,adsorption,,digitized_from_figure;branch_inferred_from_point_order;narrow_rh_range_needs_verification
NIST-MATDB-398100fdfee2739b63544b66842c41ab,CAU-10-H,,10.1039c5ce00789e.Isotherm2,10.1039/c5ce00789e,experimental,298.0,0.00044,bar,1.4,0.621928,mmol/g,0.0112,adsorption,,digitized_from_figure;branch_inferred_from_point_order;narrow_rh_range_needs_verification
NIST-MATDB-398100fdfee2739b63544b66842c41ab,CAU-10-H,,10.1039c5ce00789e.Isotherm2,10.1039/c5ce00789e,experimental,298.0,0.000449,bar,1.43,0.622084,mmol/g,0.01121,adsorption,,digitized_from_figure;branch_inferred_from_point_order;narrow_rh_range_needs_verification
NIST-MATDB-398100fdfee2739b63544b66842c41ab,CAU-10-H,,10.1039c5ce00789e.Isotherm2,10.1039/c5ce00789e,experimental,298.0,0.000469,bar,1.49,0.673625,mmol/g,0.01214,adsorption,,digitized_from_figure;branch_inferred_from_point_order;narrow_rh_range_needs_verification
NIST-MATDB-398100fdfee2739b63544b66842c41ab,CAU-10-H,,10.1039c5ce00789e.Isotherm2,10.1039/c5ce00789e,experimental,298.0,0.000473,bar,1.5,0.776162,mmol/g,0.01398,adsorption,,digitized_from_figure;branch_inferred_from_point_order;narrow_rh_range_needs_verification
NIST-MATDB-398100fdfee2739b63544b66842c41ab,CAU-10-H,,10.1039c5ce00789e.Isotherm2,10.1039/c5ce00789e,experimental,298.0,0.000483,bar,1.53,0.930007,mmol/g,0.01675,adsorption,,digitized_from_figure;branch_inferred_from_point_order;narrow_rh_range_needs_verification
NIST-MATDB-398100fdfee2739b63544b66842c41ab,CAU-10-H,,10.1039c5ce00789e.Isotherm2,10.1039/c5ce00789e,experimental,298.0,0.000493,bar,1.56,1.03262,mmol/g,0.0186,adsorption,,digitized_from_figure;branch_inferred_from_point_order;narrow_rh_range_needs_verification
NIST-MATDB-398100fdfee2739b63544b66842c41ab,CAU-10-H,,10.1039c5ce00789e.Isotherm2,10.1039/c5ce00789e,experimental,298.0,0.000497,bar,1.58,1.18639,mmol/g,0.02137,adsorption,,digitized_from_figure;branch_inferred_from_point_order;narrow_rh_range_needs_verification
NIST-MATDB-398100fdfee2739b63544b66842c41ab,CAU-10-H,,10.1039c5ce00789e.Isotherm2,10.1039/c5ce00789e,experimental,298.0,0.000502,bar,1.59,1.28893,mmol/g,0.02322,adsorption,,digitized_from_figure;branch_inferred_from_point_order;narrow_rh_range_needs_verification
NIST-MATDB-398100fdfee2739b63544b66842c41ab,CAU-10-H,,10.1039c5ce00789e.Isotherm2,10.1039/c5ce00789e,experimental,298.0,0.000507,bar,1.61,1.44269,mmol/g,0.02599,adsorption,,digitized_from_figure;branch_inferred_from_point_order;narrow_rh_range_needs_verification
NIST-MATDB-398100fdfee2739b63544b66842c41ab,CAU-10-H,,10.1039c5ce00789e.Isotherm2,10.1039/c5ce00789e,experimental,298.0,0.000512,bar,1.63,3.2358,mmol/g,0.05829,adsorption,,digitized_from_figure;branch_inferred_from_point_order;narrow_rh_range_needs_verification
NIST-MATDB-398100fdfee2739b63544b66842c41ab,CAU-10-H,,10.1039c5ce00789e.Isotherm2,10.1039/c5ce00789e,experimental,298.0,0.000516,bar,1.64,10.7666,mmol/g,0.19396,adsorption,,digitized_from_figure;branch_inferred_from_point_order;narrow_rh_range_needs_verification
NIST-MATDB-398100fdfee2739b63544b66842c41ab,CAU-10-H,,10.1039c5ce00789e.Isotherm2,10.1039/c5ce00789e,experimental,298.0,0.000521,bar,1.65,9.28104,mmol/g,0.1672,adsorption,,digitized_from_figure;branch_inferred_from_point_order;narrow_rh_range_needs_verification
NIST-MATDB-398100fdfee2739b63544b66842c41ab,CAU-10-H,,10.1039c5ce00789e.Isotherm2,10.1039/c5ce00789e,experimental,298.0,0.000526,bar,1.67,8.87128,mmol/g,0.15982,adsorption,,digitized_from_figure;branch_inferred_from_point_order;narrow_rh_range_needs_verification
NIST-MATDB-398100fdfee2739b63544b66842c41ab,CAU-10-H,,10.1039c5ce00789e.Isotherm2,10.1039/c5ce00789e,experimental,298.0,0.000531,bar,1.69,12.8673,mmol/g,0.2318,adsorption,,digitized_from_figure;branch_inferred_from_point_order;narrow_rh_range_needs_verification
NIST-MATDB-398100fdfee2739b63544b66842c41ab,CAU-10-H,,10.1039c5ce00789e.Isotherm2,10.1039/c5ce00789e,experimental,298.0,0.000536,bar,1.7,13.687,mmol/g,0.24657,adsorption,,digitized_from_figure;branch_inferred_from_point_order;narrow_rh_range_needs_verification
NIST-MATDB-398100fdfee2739b63544b66842c41ab,CAU-10-H,,10.1039c5ce00789e.Isotherm2,10.1039/c5ce00789e,experimental,298.0,0.00054,bar,1.71,14.7117,mmol/g,0.26503,adsorption,,digitized_from_figure;branch_inferred_from_point_order;narrow_rh_range_needs_verification
NIST-MATDB-398100fdfee2739b63544b66842c41ab,CAU-10-H,,10.1039c5ce00789e.Isotherm2,10.1039/c5ce00789e,experimental,298.0,0.000545,bar,1.73,14.8654,mmol/g,0.2678,adsorption,,digitized_from_figure;branch_inferred_from_point_order;narrow_rh_range_needs_verification
NIST-MATDB-398100fdfee2739b63544b66842c41ab,CAU-10-H,,10.1039c5ce00789e.Isotherm2,10.1039/c5ce00789e,experimental,298.0,0.00055,bar,1.75,15.1729,mmol/g,0.27334,adsorption,,digitized_from_figure;branch_inferred_from_point_order;narrow_rh_range_needs_verification
NIST-MATDB-398100fdfee2739b63544b66842c41ab,CAU-10-H,,10.1039c5ce00789e.Isotherm2,10.1039/c5ce00789e,experimental,298.0,0.000555,bar,1.76,15.3779,mmol/g,0.27703,adsorption,,digitized_from_figure;branch_inferred_from_point_order;narrow_rh_range_needs_verification
NIST-MATDB-398100fdfee2739b63544b66842c41ab,CAU-10-H,,10.1039c5ce00789e.Isotherm2,10.1039/c5ce00789e,experimental,298.0,0.000559,bar,1.77,15.4292,mmol/g,0.27796,adsorption,,digitized_from_figure;branch_inferred_from_point_order;narrow_rh_range_needs_verification
NIST-MATDB-398100fdfee2739b63544b66842c41ab,CAU-10-H,,10.1039c5ce00789e.Isotherm2,10.1039/c5ce00789e,experimental,298.0,0.000564,bar,1.79,15.7367,mmol/g,0.2835,adsorption,,digitized_from_figure;branch_inferred_from_point_order;narrow_rh_range_needs_verification
NIST-MATDB-398100fdfee2739b63544b66842c41ab,CAU-10-H,,10.1039c5ce00789e.Isotherm2,10.1039/c5ce00789e,experimental,298.0,0.000569,bar,1.81,15.788,mmol/g,0.28442,adsorption,,digitized_from_figure;branch_inferred_from_point_order;narrow_rh_range_needs_verification
NIST-MATDB-398100fdfee2739b63544b66842c41ab,CAU-10-H,,10.1039c5ce00789e.Isotherm2,10.1039/c5ce00789e,experimental,298.0,0.000574,bar,1.82,15.8905,mmol/g,0.28627,adsorption,,digitized_from_figure;branch_inferred_from_point_order;narrow_rh_range_needs_verification
NIST-MATDB-398100fdfee2739b63544b66842c41ab,CAU-10-H,,10.1039c5ce00789e.Isotherm2,10.1039/c5ce00789e,experimental,298.0,0.000579,bar,1.84,15.9418,mmol/g,0.28719,adsorption,,digitized_from_figure;branch_inferred_from_point_order;narrow_rh_range_needs_verification
NIST-MATDB-398100fdfee2739b63544b66842c41ab,CAU-10-H,,10.1039c5ce00789e.Isotherm2,10.1039/c5ce00789e,experimental,298.0,0.000588,bar,1.87,16.0444,mmol/g,0.28904,adsorption,,digitized_from_figure;branch_inferred_from_point_order;narrow_rh_range_needs_verification
NIST-MATDB-398100fdfee2739b63544b66842c41ab,CAU-10-H,,10.1039c5ce00789e.Isotherm2,10.1039/c5ce00789e,experimental,298.0,0.000598,bar,1.9,16.0958,mmol/g,0.28997,adsorption,,digitized_from_figure;branch_inferred_from_point_order;narrow_rh_range_needs_verification
NIST-MATDB-398100fdfee2739b63544b66842c41ab,CAU-10-H,,10.1039c5ce00789e.Isotherm2,10.1039/c5ce00789e,experimental,298.0,0.000612,bar,1.94,16.1473,mmol/g,0.29089,adsorption,,digitized_from_figure;branch_inferred_from_point_order;narrow_rh_range_needs_verification
NIST-MATDB-398100fdfee2739b63544b66842c41ab,CAU-10-H,,10.1039c5ce00789e.Isotherm2,10.1039/c5ce00789e,experimental,298.0,0.000622,bar,1.97,16.2499,mmol/g,0.29274,adsorption,,digitized_from_figure;branch_inferred_from_point_order;narrow_rh_range_needs_verification
NIST-MATDB-398100fdfee2739b63544b66842c41ab,CAU-10-H,,10.1039c5ce00789e.Isotherm2,10.1039/c5ce00789e,experimental,298.0,0.000631,bar,2.0,16.25,mmol/g,0.29274,adsorption,,digitized_from_figure;branch_inferred_from_point_order;narrow_rh_range_needs_verification
NIST-MATDB-398100fdfee2739b63544b66842c41ab,CAU-10-H,,10.1039c5ce00789e.Isotherm2,10.1039/c5ce00789e,experimental,298.0,0.000646,bar,2.05,16.865,mmol/g,0.30382,adsorption,,digitized_from_figure;branch_inferred_from_point_order;narrow_rh_range_needs_verification
NIST-MATDB-398100fdfee2739b63544b66842c41ab,CAU-10-H,,10.1039c5ce00789e.Isotherm2,10.1039/c5ce00789e,experimental,298.0,0.000655,bar,2.08,16.3529,mmol/g,0.2946,adsorption,,digitized_from_figure;branch_inferred_from_point_order;narrow_rh_range_needs_verification
NIST-MATDB-398100fdfee2739b63544b66842c41ab,CAU-10-H,,10.1039c5ce00789e.Isotherm2,10.1039/c5ce00789e,experimental,298.0,0.00066,bar,2.09,16.353,mmol/g,0.2946,adsorption,,digitized_from_figure;branch_inferred_from_point_order;narrow_rh_range_needs_verification
NIST-MATDB-398100fdfee2739b63544b66842c41ab,CAU-10-H,,10.1039c5ce00789e.Isotherm2,10.1039/c5ce00789e,experimental,298.0,0.000665,bar,2.11,16.4043,mmol/g,0.29552,adsorption,,digitized_from_figure;branch_inferred_from_point_order;narrow_rh_range_needs_verification
NIST-MATDB-398100fdfee2739b63544b66842c41ab,CAU-10-H,,10.1039c5ce00789e.Isotherm2,10.1039/c5ce00789e,experimental,298.0,0.000679,bar,2.16,16.4045,mmol/g,0.29553,adsorption,,digitized_from_figure;branch_inferred_from_point_order;narrow_rh_range_needs_verification
NIST-MATDB-398100fdfee2739b63544b66842c41ab,CAU-10-H,,10.1039c5ce00789e.Isotherm2,10.1039/c5ce00789e,experimental,298.0,0.000684,bar,2.17,16.4558,mmol/g,0.29645,adsorption,,digitized_from_figure;branch_inferred_from_point_order;narrow_rh_range_needs_verification
NIST-MATDB-398100fdfee2739b63544b66842c41ab,CAU-10-H,,10.1039c5ce00789e.Isotherm2,10.1039/c5ce00789e,experimental,298.0,0.000689,bar,2.19,16.4559,mmol/g,0.29645,adsorption,,digitized_from_figure;branch_inferred_from_point_order;narrow_rh_range_needs_verification
NIST-MATDB-398100fdfee2739b63544b66842c41ab,CAU-10-H,,10.1039c5ce00789e.Isotherm2,10.1039/c5ce00789e,experimental,298.0,0.000703,bar,2.23,16.5074,mmol/g,0.29738,adsorption,,digitized_from_figure;branch_inferred_from_point_order;narrow_rh_range_needs_verification
NIST-MATDB-398100fdfee2739b63544b66842c41ab,CAU-10-H,,10.1039c5ce00789e.Isotherm3,10.1039/c5ce00789e,experimental,298.0,0.0,bar,0.0,0.0,mmol/g,0.0,adsorption,,digitized_from_figure;branch_inferred_from_point_order;narrow_rh_range_needs_verification
NIST-MATDB-398100fdfee2739b63544b66842c41ab,CAU-10-H,,10.1039c5ce00789e.Isotherm3,10.1039/c5ce00789e,experimental,298.0,2.4e-05,bar,0.08,0.051619,mmol/g,0.00093,adsorption,,digitized_from_figure;branch_inferred_from_point_order;narrow_rh_range_needs_verification
NIST-MATDB-398100fdfee2739b63544b66842c41ab,CAU-10-H,,10.1039c5ce00789e.Isotherm3,10.1039/c5ce00789e,experimental,298.0,5.3e-05,bar,0.17,0.103317,mmol/g,0.00186,adsorption,,digitized_from_figure;branch_inferred_from_point_order;narrow_rh_range_needs_verification
NIST-MATDB-398100fdfee2739b63544b66842c41ab,CAU-10-H,,10.1039c5ce00789e.Isotherm3,10.1039/c5ce00789e,experimental,298.0,7.7e-05,bar,0.24,0.154936,mmol/g,0.00279,adsorption,,digitized_from_figure;branch_inferred_from_point_order;narrow_rh_range_needs_verification
NIST-MATDB-398100fdfee2739b63544b66842c41ab,CAU-10-H,,10.1039c5ce00789e.Isotherm3,10.1039/c5ce00789e,experimental,298.0,0.0001,bar,0.32,0.206556,mmol/g,0.00372,adsorption,,digitized_from_figure;branch_inferred_from_point_order;narrow_rh_range_needs_verification
NIST-MATDB-398100fdfee2739b63544b66842c41ab,CAU-10-H,,10.1039c5ce00789e.Isotherm3,10.1039/c5ce00789e,experimental,298.0,0.000134,bar,0.43,0.207101,mmol/g,0.00373,adsorption,,digitized_from_figure;branch_inferred_from_point_order;narrow_rh_range_needs_verification
NIST-MATDB-398100fdfee2739b63544b66842c41ab,CAU-10-H,,10.1039c5ce00789e.Isotherm3,10.1039/c5ce00789e,experimental,298.0,0.000163,bar,0.52,0.771094,mmol/g,0.01389,adsorption,,digitized_from_figure;branch_inferred_from_point_order;narrow_rh_range_needs_verification
NIST-MATDB-398100fdfee2739b63544b66842c41ab,CAU-10-H,,10.1039c5ce00789e.Isotherm3,10.1039/c5ce00789e,experimental,298.0,0.000167,bar,0.53,0.207647,mmol/g,0.00374,adsorption,,digitized_from_figure;branch_inferred_from_point_order;narrow_rh_range_needs_verification
NIST-MATDB-398100fdfee2739b63544b66842c41ab,CAU-10-H,,10.1039c5ce00789e.Isotherm3,10.1039/c5ce00789e,experimental,298.0,0.000172,bar,0.55,0.207725,mmol/g,0.00374,adsorption,,digitized_from_figure;branch_inferred_from_point_order;narrow_rh_range_needs_verification
NIST-MATDB-398100fdfee2739b63544b66842c41ab,CAU-10-H,,10.1039c5ce00789e.Isotherm3,10.1039/c5ce00789e,experimental,298.0,0.000196,bar,0.62,0.208115,mmol/g,0.00375,adsorption,,digitized_from_figure;branch_inferred_from_point_order;narrow_rh_range_needs_verification
NIST-MATDB-398100fdfee2739b63544b66842c41ab,CAU-10-H,,10.1039c5ce00789e.Isotherm3,10.1039/c5ce00789e,experimental,298.0,0.000215,bar,0.68,0.259656,mmol/g,0.00468,adsorption,,digitized_from_figure;branch_inferred_from_point_order;narrow_rh_range_needs_verification
NIST-MATDB-398100fdfee2739b63544b66842c41ab,CAU-10-H,,10.1039c5ce00789e.Isotherm3,10.1039/c5ce00789e,experimental,298.0,0.000234,bar,0.74,0.259968,mmol/g,0.00468,adsorption,,digitized_from_figure;branch_inferred_from_point_order;narrow_rh_range_needs_verification
NIST-MATDB-398100fdfee2739b63544b66842c41ab,CAU-10-H,,10.1039c5ce00789e.Isotherm3,10.1039/c5ce00789e,experimental,298.0,0.000253,bar,0.8,0.31151,mmol/g,0.00561,adsorption,,digitized_from_figure;branch_inferred_from_point_order;narrow_rh_range_needs_verification
NIST-MATDB-398100fdfee2739b63544b66842c41ab,CAU-10-H,,10.1039c5ce00789e.Isotherm3,10.1039/c5ce00789e,experimental,298.0,0.000268,bar,0.85,0.311744,mmol/g,0.00562,adsorption,,digitized_from_figure;branch_inferred_from_point_order;narrow_rh_range_needs_verification
NIST-MATDB-398100fdfee2739b63544b66842c41ab,CAU-10-H,,10.1039c5ce00789e.Isotherm3,10.1039/c5ce00789e,experimental,298.0,0.000287,bar,0.91,0.363285,mmol/g,0.00654,adsorption,,digitized_from_figure;branch_inferred_from_point_order;narrow_rh_range_needs_verification
NIST-MATDB-398100fdfee2739b63544b66842c41ab,CAU-10-H,,10.1039c5ce00789e.Isotherm3,10.1039/c5ce00789e,experimental,298.0,0.000306,bar,0.97,0.363597,mmol/g,0.00655,adsorption,,digitized_from_figure;branch_inferred_from_point_order;narrow_rh_range_needs_verification
NIST-MATDB-398100fdfee2739b63544b66842c41ab,CAU-10-H,,10.1039c5ce00789e.Isotherm3,10.1039/c5ce00789e,experimental,298.0,0.00032,bar,1.02,0.978585,mmol/g,0.01763,adsorption,,digitized_from_figure;branch_inferred_from_point_order;narrow_rh_range_needs_verification
NIST-MATDB-398100fdfee2739b63544b66842c41ab,CAU-10-H,,10.1039c5ce00789e.Isotherm3,10.1039/c5ce00789e,experimental,298.0,0.000335,bar,1.06,0.415294,mmol/g,0.00748,adsorption,,digitized_from_figure;branch_inferred_from_point_order;narrow_rh_range_needs_verification
NIST-MATDB-398100fdfee2739b63544b66842c41ab,CAU-10-H,,10.1039c5ce00789e.Isotherm3,10.1039/c5ce00789e,experimental,298.0,0.000354,bar,1.12,0.466836,mmol/g,0.00841,adsorption,,digitized_from_figure;branch_inferred_from_point_order;narrow_rh_range_needs_verification
NIST-MATDB-398100fdfee2739b63544b66842c41ab,CAU-10-H,,10.1039c5ce00789e.Isotherm3,10.1039/c5ce00789e,experimental,298.0,0.000373,bar,1.18,0.467148,mmol/g,0.00842,adsorption,,digitized_from_figure;branch_inferred_from_point_order;narrow_rh_range_needs_verification
NIST-MATDB-398100fdfee2739b63544b66842c41ab,CAU-10-H,,10.1039c5ce00789e.Isotherm3,10.1039/c5ce00789e,experimental,298.0,0.000387,bar,1.23,0.467382,mmol/g,0.00842,adsorption,,digitized_from_figure;branch_inferred_from_point_order;narrow_rh_range_needs_verification
NIST-MATDB-398100fdfee2739b63544b66842c41ab,CAU-10-H,,10.1039c5ce00789e.Isotherm3,10.1039/c5ce00789e,experimental,298.0,0.000411,bar,1.3,0.519001,mmol/g,0.00935,adsorption,,digitized_from_figure;branch_inferred_from_point_order;narrow_rh_range_needs_verification
NIST-MATDB-398100fdfee2739b63544b66842c41ab,CAU-10-H,,10.1039c5ce00789e.Isotherm3,10.1039/c5ce00789e,experimental,298.0,0.000426,bar,1.35,0.570464,mmol/g,0.01028,adsorption,,digitized_from_figure;branch_inferred_from_point_order;narrow_rh_range_needs_verification
NIST-MATDB-398100fdfee2739b63544b66842c41ab,CAU-10-H,,10.1039c5ce00789e.Isotherm3,10.1039/c5ce00789e,experimental,298.0,0.00044,bar,1.4,0.621928,mmol/g,0.0112,adsorption,,digitized_from_figure;branch_inferred_from_point_order;narrow_rh_range_needs_verification
NIST-MATDB-398100fdfee2739b63544b66842c41ab,CAU-10-H,,10.1039c5ce00789e.Isotherm3,10.1039/c5ce00789e,experimental,298.0,0.000449,bar,1.43,0.622084,mmol/g,0.01121,adsorption,,digitized_from_figure;branch_inferred_from_point_order;narrow_rh_range_needs_verification
NIST-MATDB-398100fdfee2739b63544b66842c41ab,CAU-10-H,,10.1039c5ce00789e.Isotherm3,10.1039/c5ce00789e,experimental,298.0,0.000469,bar,1.49,0.673625,mmol/g,0.01214,adsorption,,digitized_from_figure;branch_inferred_from_point_order;narrow_rh_range_needs_verification
NIST-MATDB-398100fdfee2739b63544b66842c41ab,CAU-10-H,,10.1039c5ce00789e.Isotherm3,10.1039/c5ce00789e,experimental,298.0,0.000473,bar,1.5,0.776162,mmol/g,0.01398,adsorption,,digitized_from_figure;branch_inferred_from_point_order;narrow_rh_range_needs_verification
NIST-MATDB-398100fdfee2739b63544b66842c41ab,CAU-10-H,,10.1039c5ce00789e.Isotherm3,10.1039/c5ce00789e,experimental,298.0,0.000483,bar,1.53,0.930007,mmol/g,0.01675,adsorption,,digitized_from_figure;branch_inferred_from_point_order;narrow_rh_range_needs_verification
NIST-MATDB-398100fdfee2739b63544b66842c41ab,CAU-10-H,,10.1039c5ce00789e.Isotherm3,10.1039/c5ce00789e,experimental,298.0,0.000493,bar,1.56,1.03262,mmol/g,0.0186,adsorption,,digitized_from_figure;branch_inferred_from_point_order;narrow_rh_range_needs_verification
NIST-MATDB-398100fdfee2739b63544b66842c41ab,CAU-10-H,,10.1039c5ce00789e.Isotherm3,10.1039/c5ce00789e,experimental,298.0,0.000497,bar,1.58,1.18639,mmol/g,0.02137,adsorption,,digitized_from_figure;branch_inferred_from_point_order;narrow_rh_range_needs_verification
NIST-MATDB-398100fdfee2739b63544b66842c41ab,CAU-10-H,,10.1039c5ce00789e.Isotherm3,10.1039/c5ce00789e,experimental,298.0,0.000502,bar,1.59,1.28893,mmol/g,0.02322,adsorption,,digitized_from_figure;branch_inferred_from_point_order;narrow_rh_range_needs_verification
NIST-MATDB-398100fdfee2739b63544b66842c41ab,CAU-10-H,,10.1039c5ce00789e.Isotherm3,10.1039/c5ce00789e,experimental,298.0,0.000507,bar,1.61,1.44269,mmol/g,0.02599,adsorption,,digitized_from_figure;branch_inferred_from_point_order;narrow_rh_range_needs_verification
NIST-MATDB-398100fdfee2739b63544b66842c41ab,CAU-10-H,,10.1039c5ce00789e.Isotherm3,10.1039/c5ce00789e,experimental,298.0,0.000512,bar,1.63,3.2358,mmol/g,0.05829,adsorption,,digitized_from_figure;branch_inferred_from_point_order;narrow_rh_range_needs_verification
NIST-MATDB-398100fdfee2739b63544b66842c41ab,CAU-10-H,,10.1039c5ce00789e.Isotherm3,10.1039/c5ce00789e,experimental,298.0,0.000516,bar,1.64,10.7666,mmol/g,0.19396,adsorption,,digitized_from_figure;branch_inferred_from_point_order;narrow_rh_range_needs_verification
NIST-MATDB-398100fdfee2739b63544b66842c41ab,CAU-10-H,,10.1039c5ce00789e.Isotherm3,10.1039/c5ce00789e,experimental,298.0,0.000521,bar,1.65,9.28104,mmol/g,0.1672,adsorption,,digitized_from_figure;branch_inferred_from_point_order;narrow_rh_range_needs_verification
NIST-MATDB-398100fdfee2739b63544b66842c41ab,CAU-10-H,,10.1039c5ce00789e.Isotherm3,10.1039/c5ce00789e,experimental,298.0,0.000526,bar,1.67,8.87128,mmol/g,0.15982,adsorption,,digitized_from_figure;branch_inferred_from_point_order;narrow_rh_range_needs_verification
NIST-MATDB-398100fdfee2739b63544b66842c41ab,CAU-10-H,,10.1039c5ce00789e.Isotherm3,10.1039/c5ce00789e,experimental,298.0,0.000531,bar,1.69,12.8673,mmol/g,0.2318,adsorption,,digitized_from_figure;branch_inferred_from_point_order;narrow_rh_range_needs_verification
NIST-MATDB-398100fdfee2739b63544b66842c41ab,CAU-10-H,,10.1039c5ce00789e.Isotherm3,10.1039/c5ce00789e,experimental,298.0,0.000536,bar,1.7,13.687,mmol/g,0.24657,adsorption,,digitized_from_figure;branch_inferred_from_point_order;narrow_rh_range_needs_verification
NIST-MATDB-398100fdfee2739b63544b66842c41ab,CAU-10-H,,10.1039c5ce00789e.Isotherm3,10.1039/c5ce00789e,experimental,298.0,0.00054,bar,1.71,14.7117,mmol/g,0.26503,adsorption,,digitized_from_figure;branch_inferred_from_point_order;narrow_rh_range_needs_verification
NIST-MATDB-398100fdfee2739b63544b66842c41ab,CAU-10-H,,10.1039c5ce00789e.Isotherm3,10.1039/c5ce00789e,experimental,298.0,0.000545,bar,1.73,14.8654,mmol/g,0.2678,adsorption,,digitized_from_figure;branch_inferred_from_point_order;narrow_rh_range_needs_verification
NIST-MATDB-398100fdfee2739b63544b66842c41ab,CAU-10-H,,10.1039c5ce00789e.Isotherm3,10.1039/c5ce00789e,experimental,298.0,0.00055,bar,1.75,15.1729,mmol/g,0.27334,adsorption,,digitized_from_figure;branch_inferred_from_point_order;narrow_rh_range_needs_verification
NIST-MATDB-398100fdfee2739b63544b66842c41ab,CAU-10-H,,10.1039c5ce00789e.Isotherm3,10.1039/c5ce00789e,experimental,298.0,0.000555,bar,1.76,15.3779,mmol/g,0.27703,adsorption,,digitized_from_figure;branch_inferred_from_point_order;narrow_rh_range_needs_verification
NIST-MATDB-398100fdfee2739b63544b66842c41ab,CAU-10-H,,10.1039c5ce00789e.Isotherm3,10.1039/c5ce00789e,experimental,298.0,0.000559,bar,1.77,15.4292,mmol/g,0.27796,adsorption,,digitized_from_figure;branch_inferred_from_point_order;narrow_rh_range_needs_verification
NIST-MATDB-398100fdfee2739b63544b66842c41ab,CAU-10-H,,10.1039c5ce00789e.Isotherm3,10.1039/c5ce00789e,experimental,298.0,0.000564,bar,1.79,15.7367,mmol/g,0.2835,adsorption,,digitized_from_figure;branch_inferred_from_point_order;narrow_rh_range_needs_verification
NIST-MATDB-398100fdfee2739b63544b66842c41ab,CAU-10-H,,10.1039c5ce00789e.Isotherm3,10.1039/c5ce00789e,experimental,298.0,0.000569,bar,1.81,15.788,mmol/g,0.28442,adsorption,,digitized_from_figure;branch_inferred_from_point_order;narrow_rh_range_needs_verification
NIST-MATDB-398100fdfee2739b63544b66842c41ab,CAU-10-H,,10.1039c5ce00789e.Isotherm3,10.1039/c5ce00789e,experimental,298.0,0.000574,bar,1.82,15.8905,mmol/g,0.28627,adsorption,,digitized_from_figure;branch_inferred_from_point_order;narrow_rh_range_needs_verification
NIST-MATDB-398100fdfee2739b63544b66842c41ab,CAU-10-H,,10.1039c5ce00789e.Isotherm3,10.1039/c5ce00789e,experimental,298.0,0.000579,bar,1.84,15.9418,mmol/g,0.28719,adsorption,,digitized_from_figure;branch_inferred_from_point_order;narrow_rh_range_needs_verification
NIST-MATDB-398100fdfee2739b63544b66842c41ab,CAU-10-H,,10.1039c5ce00789e.Isotherm3,10.1039/c5ce00789e,experimental,298.0,0.000588,bar,1.87,16.0444,mmol/g,0.28904,adsorption,,digitized_from_figure;branch_inferred_from_point_order;narrow_rh_range_needs_verification
NIST-MATDB-398100fdfee2739b63544b66842c41ab,CAU-10-H,,10.1039c5ce00789e.Isotherm3,10.1039/c5ce00789e,experimental,298.0,0.000598,bar,1.9,16.0958,mmol/g,0.28997,adsorption,,digitized_from_figure;branch_inferred_from_point_order;narrow_rh_range_needs_verification
NIST-MATDB-398100fdfee2739b63544b66842c41ab,CAU-10-H,,10.1039c5ce00789e.Isotherm3,10.1039/c5ce00789e,experimental,298.0,0.000612,bar,1.94,16.1473,mmol/g,0.29089,adsorption,,digitized_from_figure;branch_inferred_from_point_order;narrow_rh_range_needs_verification
NIST-MATDB-398100fdfee2739b63544b66842c41ab,CAU-10-H,,10.1039c5ce00789e.Isotherm3,10.1039/c5ce00789e,experimental,298.0,0.000622,bar,1.97,16.2499,mmol/g,0.29274,adsorption,,digitized_from_figure;branch_inferred_from_point_order;narrow_rh_range_needs_verification
NIST-MATDB-398100fdfee2739b63544b66842c41ab,CAU-10-H,,10.1039c5ce00789e.Isotherm3,10.1039/c5ce00789e,experimental,298.0,0.000631,bar,2.0,16.25,mmol/g,0.29274,adsorption,,digitized_from_figure;branch_inferred_from_point_order;narrow_rh_range_needs_verification
NIST-MATDB-398100fdfee2739b63544b66842c41ab,CAU-10-H,,10.1039c5ce00789e.Isotherm3,10.1039/c5ce00789e,experimental,298.0,0.000646,bar,2.05,16.865,mmol/g,0.30382,adsorption,,digitized_from_figure;branch_inferred_from_point_order;narrow_rh_range_needs_verification
NIST-MATDB-398100fdfee2739b63544b66842c41ab,CAU-10-H,,10.1039c5ce00789e.Isotherm3,10.1039/c5ce00789e,experimental,298.0,0.000655,bar,2.08,16.3529,mmol/g,0.2946,adsorption,,digitized_from_figure;branch_inferred_from_point_order;narrow_rh_range_needs_verification
NIST-MATDB-398100fdfee2739b63544b66842c41ab,CAU-10-H,,10.1039c5ce00789e.Isotherm3,10.1039/c5ce00789e,experimental,298.0,0.00066,bar,2.09,16.353,mmol/g,0.2946,adsorption,,digitized_from_figure;branch_inferred_from_point_order;narrow_rh_range_needs_verification
NIST-MATDB-398100fdfee2739b63544b66842c41ab,CAU-10-H,,10.1039c5ce00789e.Isotherm3,10.1039/c5ce00789e,experimental,298.0,0.000665,bar,2.11,16.4043,mmol/g,0.29552,adsorption,,digitized_from_figure;branch_inferred_from_point_order;narrow_rh_range_needs_verification
NIST-MATDB-398100fdfee2739b63544b66842c41ab,CAU-10-H,,10.1039c5ce00789e.Isotherm3,10.1039/c5ce00789e,experimental,298.0,0.000679,bar,2.16,16.4045,mmol/g,0.29553,adsorption,,digitized_from_figure;branch_inferred_from_point_order;narrow_rh_range_needs_verification
NIST-MATDB-398100fdfee2739b63544b66842c41ab,CAU-10-H,,10.1039c5ce00789e.Isotherm3,10.1039/c5ce00789e,experimental,298.0,0.000684,bar,2.17,16.4558,mmol/g,0.29645,adsorption,,digitized_from_figure;branch_inferred_from_point_order;narrow_rh_range_needs_verification
NIST-MATDB-398100fdfee2739b63544b66842c41ab,CAU-10-H,,10.1039c5ce00789e.Isotherm3,10.1039/c5ce00789e,experimental,298.0,0.000689,bar,2.19,16.4559,mmol/g,0.29645,adsorption,,digitized_from_figure;branch_inferred_from_point_order;narrow_rh_range_needs_verification
NIST-MATDB-398100fdfee2739b63544b66842c41ab,CAU-10-H,,10.1039c5ce00789e.Isotherm3,10.1039/c5ce00789e,experimental,298.0,0.000703,bar,2.23,16.5074,mmol/g,0.29738,adsorption,,digitized_from_figure;branch_inferred_from_point_order;narrow_rh_range_needs_verification
